Timestamp,Action,Word,Status,MemoryOffset
2026-04-17 13:50:59,MemoryScan,V1_BOUNDS_BYPASS,Extracted,NOT_FOUND
2026-04-17 13:50:59,MemoryScan,V2_BTB_INJECTION,Extracted,NOT_FOUND
2026-04-17 13:51:13,MemoryScan,V1_BOUNDS_BYPASS,Extracted,NOT_FOUND
2026-04-17 13:51:13,MemoryScan,V2_BTB_INJECTION,Extracted,NOT_FOUND
2026-04-17 13:51:30,MemoryScan,V1_BOUNDS_BYPASS,Extracted,NOT_FOUND
2026-04-17 13:51:30,MemoryScan,V2_BTB_INJECTION,Extracted,NOT_FOUND
2026-04-17 13:51:30,MemoryScan, DATA,Extracted,NOT_FOUND
2026-04-17 14:10:59,MemoryScan,V1_BOUNDS_BYPASS,Extracted,NOT_FOUND
2026-04-17 14:10:59,MemoryScan,V2_BTB_INJECTION,Extracted,NOT_FOUND
2026-04-17 14:17:21,MemoryScan,V1_BOUNDS_BYPASS,Extracted,NOT_FOUND
2026-04-17 14:17:21,MemoryScan,V2_BTB_INJECTION,Extracted,NOT_FOUND
2026-04-17 14:17:28,MemoryScan,V1_BOUNDS_BYPASS,Extracted,NOT_FOUND
2026-04-17 14:17:28,MemoryScan,V2_BTB_INJECTION,Extracted,NOT_FOUND
2026-04-17 14:17:28,MemoryScan, DATA,Extracted,NOT_FOUND
2026-04-17 14:17:36,MemoryScan,V1_BOUNDS_BYPASS,Extracted,NOT_FOUND
2026-04-17 14:17:36,MemoryScan,V2_BTB_INJECTION,Extracted,NOT_FOUND
2026-04-17 14:17:36,MemoryScan,DATA,Extracted,NOT_FOUND
2026-04-17 14:18:15,Variant1,V1_BOUNDS_BYPASS,Registry_Injected,N/A
2026-04-17 14:18:25,Variant2,V2_BTB_INJECTION,Registry_Injected,N/A
2026-04-17 14:18:35,MemoryScan,V1_BOUNDS_BYPASS,Extracted,NOT_FOUND
2026-04-17 14:18:35,MemoryScan,V2_BTB_INJECTION,Extracted,NOT_FOUND
2026-04-17 14:18:35,MemoryScan,DATA,Extracted,NOT_FOUND
2026-04-17 14:18:39,MemoryScan,V1_BOUNDS_BYPASS,Extracted,NOT_FOUND
2026-04-17 14:18:39,MemoryScan,V2_BTB_INJECTION,Extracted,NOT_FOUND
2026-04-17 14:18:39,MemoryScan,DATA,Extracted,NOT_FOUND
2026-04-17 14:18:40,MemoryScan,V1_BOUNDS_BYPASS,Extracted,NOT_FOUND
2026-04-17 14:18:40,MemoryScan,V2_BTB_INJECTION,Extracted,NOT_FOUND
2026-04-17 14:18:40,MemoryScan,DATA,Extracted,NOT_FOUND
2026-04-17 14:18:41,MemoryScan,V1_BOUNDS_BYPASS,Extracted,NOT_FOUND
2026-04-17 14:18:41,MemoryScan,V2_BTB_INJECTION,Extracted,NOT_FOUND
2026-04-17 14:18:41,MemoryScan,DATA,Extracted,NOT_FOUND
2026-04-17 14:18:49,MemoryScan,V1_BOUNDS_BYPASS,Extracted,NOT_FOUND
2026-04-17 14:18:49,MemoryScan,V2_BTB_INJECTION,Extracted,NOT_FOUND
2026-04-17 14:18:49,MemoryScan,DATA,Extracted,NOT_FOUND
2026-04-17 14:19:01,MemoryScan,DATA,Extracted,NOT_FOUND
2026-04-17 14:19:08,MemoryScan,DATA,Extracted,NOT_FOUND
2026-04-17 14:19:16,MemoryScan,DATA,Extracted,NOT_FOUND
2026-04-17 14:19:33,MemoryScan,DATA,Extracted,NOT_FOUND
2026-04-17 14:19:34,MemoryScan,DATA,Extracted,NOT_FOUND
2026-04-17 14:19:36,MemoryScan,DATA,Extracted,NOT_FOUND
2026-04-17 14:19:36,MemoryScan,DATA,Extracted,NOT_FOUND
2026-04-17 14:19:36,MemoryScan,DATA,Extracted,NOT_FOUND
2026-04-17 14:19:36,MemoryScan,DATA,Extracted,NOT_FOUND
2026-04-17 14:19:37,MemoryScan,DATA,Extracted,NOT_FOUND
2026-04-17 14:19:40,MemoryScan,DATA,Extracted,NOT_FOUND
2026-04-17 14:19:45,Variant1,V1_BOUNDS_BYPASS,Registry_Injected,N/A
2026-04-17 14:19:48,Variant1,V1_BOUNDS_BYPASS,Registry_Injected,N/A
2026-04-17 14:19:50,Variant2,V2_BTB_INJECTION,Registry_Injected,N/A
2026-04-17 14:20:30,MemoryScan,DATA,Extracted,NOT_FOUND
2026-04-17 14:26:43,Variant1,,Registry_Injected,N/A
2026-04-17 14:26:45,MemoryScan,V1_BOUNDS_BYPASS,Extracted,NOT_FOUND
2026-04-17 14:26:45,MemoryScan,V2_BTB_INJECTION,Extracted,NOT_FOUND
2026-04-17 14:26:45,MemoryScan,DATA,Extracted,NOT_FOUND
2026-04-17 14:26:51,ControlMatch,V1_BOUNDS_BYPASS,Found,RichEditD2DPT1
2026-04-17 14:26:51,ControlMatch,V2_BTB_INJECTION,Found,RichEditD2DPT1
2026-04-17 14:26:51,ControlMatch,DATA,Found,RichEditD2DPT1
2026-04-17 14:26:51,ControlMatch,DATA,Found,RichEditD2DPT2
2026-04-17 14:27:38,MemoryScan,V1_BOUNDS_BYPASS,Extracted,0x400
2026-04-17 14:27:38,MemoryScan,V2_BTB_INJECTION,Extracted,NOT_FOUND
2026-04-17 14:27:38,MemoryScan,DATA,Extracted,NOT_FOUND
2026-04-17 14:27:54,MemoryScan,V1_BOUNDS_BYPASS,Extracted,NOT_FOUND
2026-04-17 14:27:54,MemoryScan,V2_BTB_INJECTION,Extracted,0x400
2026-04-17 14:27:54,MemoryScan,DATA,Extracted,NOT_FOUND
2026-04-17 14:28:12,Variant2,V2_BTB_INJECTION,Registry_Injected,N/A
2026-04-17 14:28:20,MemoryScan,V1_BOUNDS_BYPASS,Extracted,NOT_FOUND
2026-04-17 14:28:20,MemoryScan,V2_BTB_INJECTION,Extracted,NOT_FOUND
2026-04-17 14:28:20,MemoryScan,DATA,Extracted,NOT_FOUND
2026-04-17 14:28:25,MemoryScan,V1_BOUNDS_BYPASS,Extracted,NOT_FOUND
2026-04-17 14:28:25,MemoryScan,V2_BTB_INJECTION,Extracted,NOT_FOUND
2026-04-17 14:28:25,MemoryScan,DATA,Extracted,NOT_FOUND
2026-04-17 14:28:29,ControlMatch,V1_BOUNDS_BYPASS,Found,RichEditD2DPT1
2026-04-17 14:28:29,ControlMatch,V2_BTB_INJECTION,Found,RichEditD2DPT1
2026-04-17 14:28:29,ControlMatch,DATA,Found,RichEditD2DPT1
2026-04-17 14:28:29,ControlMatch,DATA,Found,RichEditD2DPT2
2026-04-17 14:28:34,MemoryScan,V1_BOUNDS_BYPASS,Extracted,NOT_FOUND
2026-04-17 14:28:34,MemoryScan,V2_BTB_INJECTION,Extracted,NOT_FOUND
2026-04-17 14:28:34,MemoryScan,DATA,Extracted,0x400
2026-04-17 14:28:56,Variant2,V2_BTB_INJECTION,Registry_Injected,N/A
2026-04-17 14:29:12,Variant1,V1_BOUNDS_BYPASS,Registry_Injected,N/A
2026-04-17 14:41:24,MemoryScan,V1_BOUNDS_BYPASS,Extracted,NOT_FOUND
2026-04-17 14:41:24,MemoryScan,V2_BTB_INJECTION,Extracted,NOT_FOUND
2026-04-17 14:41:36,ControlMatch,V1_BOUNDS_BYPASS,Found,RichEditD2DPT1
2026-04-17 14:41:36,ControlMatch,V2_BTB_INJECTION,Found,RichEditD2DPT1
2026-04-17 14:41:49,MemoryScan,V1_BOUNDS_BYPASS,Extracted,NOT_FOUND
2026-04-17 14:41:49,MemoryScan,V2_BTB_INJECTION,Extracted,NOT_FOUND
2026-04-17 14:41:49,MemoryScan, DATA,Extracted,NOT_FOUND
2026-04-17 14:41:49,MemoryScan,V1_BOUNDS_BYPASS,Extracted,NOT_FOUND
2026-04-17 14:41:49,MemoryScan,V2_BTB_INJECTION,Extracted,NOT_FOUND
2026-04-17 14:41:49,MemoryScan, DATA,Extracted,NOT_FOUND
2026-04-17 14:41:54,MemoryScan,V1_BOUNDS_BYPASS,Extracted,NOT_FOUND
2026-04-17 14:41:54,MemoryScan,V2_BTB_INJECTION,Extracted,NOT_FOUND
2026-04-17 14:41:54,MemoryScan,DATA,Extracted,NOT_FOUND
2026-04-17 14:41:55,MemoryScan,V1_BOUNDS_BYPASS,Extracted,NOT_FOUND
2026-04-17 14:41:55,MemoryScan,V2_BTB_INJECTION,Extracted,NOT_FOUND
2026-04-17 14:41:55,MemoryScan,DATA,Extracted,0x400
2026-04-17 14:42:03,MemoryScan,V1_BOUNDS_BYPASS,Extracted,0x400
2026-04-17 14:42:03,MemoryScan,V2_BTB_INJECTION,Extracted,NOT_FOUND
2026-04-17 14:42:03,MemoryScan,DATA,Extracted,NOT_FOUND
2026-04-17 14:42:05,MemoryScan,V1_BOUNDS_BYPASS,Extracted,0x400
2026-04-17 14:42:05,MemoryScan,V2_BTB_INJECTION,Extracted,NOT_FOUND
2026-04-17 14:42:05,MemoryScan,DATA,Extracted,NOT_FOUND
2026-04-17 14:42:06,MemoryScan,V1_BOUNDS_BYPASS,Extracted,NOT_FOUND
2026-04-17 14:42:06,MemoryScan,V2_BTB_INJECTION,Extracted,NOT_FOUND
2026-04-17 14:42:06,MemoryScan,DATA,Extracted,0x400
2026-04-17 14:42:08,MemoryScan,V1_BOUNDS_BYPASS,Extracted,NOT_FOUND
2026-04-17 14:42:08,MemoryScan,V2_BTB_INJECTION,Extracted,0x400
2026-04-17 14:42:08,MemoryScan,DATA,Extracted,0x400
2026-04-17 14:42:10,MemoryScan,V1_BOUNDS_BYPASS,Extracted,NOT_FOUND
2026-04-17 14:42:10,MemoryScan,V2_BTB_INJECTION,Extracted,0x400
2026-04-17 14:42:10,MemoryScan,DATA,Extracted,NOT_FOUND
2026-04-17 14:42:15,MemoryScan,V1_BOUNDS_BYPASS,Extracted,0x400
2026-04-17 14:42:15,MemoryScan,V2_BTB_INJECTION,Extracted,NOT_FOUND
2026-04-17 14:42:15,MemoryScan,DATA,Extracted,NOT_FOUND
2026-04-17 14:42:22,MemoryScan,V1_BOUNDS_BYPASS,Extracted,NOT_FOUND
2026-04-17 14:42:22,MemoryScan,V2_BTB_INJECTION,Extracted,NOT_FOUND
2026-04-17 14:42:22,MemoryScan,DATA,Extracted,NOT_FOUND
2026-04-17 14:42:23,MemoryScan,V1_BOUNDS_BYPASS,Extracted,NOT_FOUND
2026-04-17 14:42:23,MemoryScan,V2_BTB_INJECTION,Extracted,NOT_FOUND
2026-04-17 14:42:23,MemoryScan,DATA,Extracted,NOT_FOUND
2026-04-17 14:42:24,MemoryScan,V1_BOUNDS_BYPASS,Extracted,NOT_FOUND
2026-04-17 14:42:24,MemoryScan,V2_BTB_INJECTION,Extracted,NOT_FOUND
2026-04-17 14:42:24,MemoryScan,DATA,Extracted,0x400
2026-04-17 14:43:59,MemoryScan,V1_BOUNDS_BYPASS,Extracted,NOT_FOUND
2026-04-17 14:43:59,MemoryScan,V2_BTB_INJECTION,Extracted,NOT_FOUND
2026-04-17 14:43:59,MemoryScan,DATA,Extracted,NOT_FOUND
2026-04-17 14:44:01,MemoryScan,V1_BOUNDS_BYPASS,Extracted,NOT_FOUND
2026-04-17 14:44:01,MemoryScan,V2_BTB_INJECTION,Extracted,NOT_FOUND
2026-04-17 14:44:01,MemoryScan,DATA,Extracted,NOT_FOUND
2026-04-17 14:44:02,MemoryScan,V1_BOUNDS_BYPASS,Extracted,NOT_FOUND
2026-04-17 14:44:02,MemoryScan,V2_BTB_INJECTION,Extracted,NOT_FOUND
2026-04-17 14:44:02,MemoryScan,DATA,Extracted,NOT_FOUND
2026-04-17 14:44:03,MemoryScan,V1_BOUNDS_BYPASS,Extracted,NOT_FOUND
2026-04-17 14:44:03,MemoryScan,V2_BTB_INJECTION,Extracted,NOT_FOUND
2026-04-17 14:44:03,MemoryScan,DATA,Extracted,NOT_FOUND
2026-04-17 14:44:03,MemoryScan,V1_BOUNDS_BYPASS,Extracted,NOT_FOUND
2026-04-17 14:44:03,MemoryScan,V2_BTB_INJECTION,Extracted,NOT_FOUND
2026-04-17 14:44:03,MemoryScan,DATA,Extracted,NOT_FOUND
2026-04-17 14:44:04,MemoryScan,V1_BOUNDS_BYPASS,Extracted,NOT_FOUND
2026-04-17 14:44:04,MemoryScan,V2_BTB_INJECTION,Extracted,0x400
2026-04-17 14:44:04,MemoryScan,DATA,Extracted,NOT_FOUND
2026-04-17 14:44:04,MemoryScan,V1_BOUNDS_BYPASS,Extracted,NOT_FOUND
2026-04-17 14:44:04,MemoryScan,V2_BTB_INJECTION,Extracted,NOT_FOUND
2026-04-17 14:44:04,MemoryScan,DATA,Extracted,NOT_FOUND
2026-04-17 14:44:04,MemoryScan,V1_BOUNDS_BYPASS,Extracted,NOT_FOUND
2026-04-17 14:44:04,MemoryScan,V2_BTB_INJECTION,Extracted,NOT_FOUND
2026-04-17 14:44:04,MemoryScan,DATA,Extracted,NOT_FOUND
2026-04-17 14:44:04,MemoryScan,V1_BOUNDS_BYPASS,Extracted,NOT_FOUND
2026-04-17 14:44:04,MemoryScan,V2_BTB_INJECTION,Extracted,NOT_FOUND
2026-04-17 14:44:04,MemoryScan,DATA,Extracted,NOT_FOUND
2026-04-17 14:44:05,MemoryScan,V1_BOUNDS_BYPASS,Extracted,0x400
2026-04-17 14:44:05,MemoryScan,V2_BTB_INJECTION,Extracted,0x400
2026-04-17 14:44:05,MemoryScan,DATA,Extracted,NOT_FOUND
2026-04-17 14:44:06,MemoryScan,V1_BOUNDS_BYPASS,Extracted,NOT_FOUND
2026-04-17 14:44:06,MemoryScan,V2_BTB_INJECTION,Extracted,NOT_FOUND
2026-04-17 14:44:06,MemoryScan,DATA,Extracted,NOT_FOUND
2026-04-17 14:44:06,MemoryScan,V1_BOUNDS_BYPASS,Extracted,NOT_FOUND
2026-04-17 14:44:06,MemoryScan,V2_BTB_INJECTION,Extracted,NOT_FOUND
2026-04-17 14:44:06,MemoryScan,DATA,Extracted,0x400
2026-04-17 14:50:50,MemoryScan,V1_BOUNDS_BYPASS,Extracted,NOT_FOUND
2026-04-17 14:50:50,MemoryScan,V2_BTB_INJECTION,Extracted,NOT_FOUND
2026-04-17 14:50:50,MemoryScan,DATA,Extracted,NOT_FOUND
2026-04-17 14:50:52,MemoryScan,V1_BOUNDS_BYPASS,Extracted,NOT_FOUND
2026-04-17 14:50:52,MemoryScan,V2_BTB_INJECTION,Extracted,NOT_FOUND
2026-04-17 14:50:52,MemoryScan,DATA,Extracted,NOT_FOUND
2026-04-17 14:50:53,MemoryScan,V1_BOUNDS_BYPASS,Extracted,NOT_FOUND
2026-04-17 14:50:53,MemoryScan,V2_BTB_INJECTION,Extracted,NOT_FOUND
2026-04-17 14:50:53,MemoryScan,DATA,Extracted,0x400
2026-04-17 14:50:53,MemoryScan,V1_BOUNDS_BYPASS,Extracted,NOT_FOUND
2026-04-17 14:50:53,MemoryScan,V2_BTB_INJECTION,Extracted,NOT_FOUND
2026-04-17 14:50:53,MemoryScan,DATA,Extracted,NOT_FOUND
2026-04-17 14:50:53,MemoryScan,V1_BOUNDS_BYPASS,Extracted,NOT_FOUND
2026-04-17 14:50:53,MemoryScan,V2_BTB_INJECTION,Extracted,NOT_FOUND
2026-04-17 14:50:53,MemoryScan,DATA,Extracted,NOT_FOUND
2026-04-17 14:50:53,MemoryScan,V1_BOUNDS_BYPASS,Extracted,NOT_FOUND
2026-04-17 14:50:53,MemoryScan,V2_BTB_INJECTION,Extracted,NOT_FOUND
2026-04-17 14:50:53,MemoryScan,DATA,Extracted,NOT_FOUND
2026-04-17 14:50:54,MemoryScan,V1_BOUNDS_BYPASS,Extracted,NOT_FOUND
2026-04-17 14:50:54,MemoryScan,V2_BTB_INJECTION,Extracted,NOT_FOUND
2026-04-17 14:50:54,MemoryScan,DATA,Extracted,NOT_FOUND
2026-04-17 14:50:54,MemoryScan,V1_BOUNDS_BYPASS,Extracted,NOT_FOUND
2026-04-17 14:50:54,MemoryScan,V2_BTB_INJECTION,Extracted,NOT_FOUND
2026-04-17 14:50:54,MemoryScan,DATA,Extracted,0x400
2026-04-17 14:50:54,MemoryScan,V1_BOUNDS_BYPASS,Extracted,0x400
2026-04-17 14:50:54,MemoryScan,V2_BTB_INJECTION,Extracted,NOT_FOUND
2026-04-17 14:50:54,MemoryScan,DATA,Extracted,NOT_FOUND
2026-04-17 14:50:55,MemoryScan,V1_BOUNDS_BYPASS,Extracted,NOT_FOUND
2026-04-17 14:50:55,MemoryScan,V2_BTB_INJECTION,Extracted,NOT_FOUND
2026-04-17 14:50:55,MemoryScan,DATA,Extracted,0x400
2026-04-17 15:04:36,MemoryScan,V1_BOUNDS_BYPASS,Extracted,NOT_FOUND
2026-04-17 15:04:36,MemoryScan,V2_BTB_INJECTION,Extracted,NOT_FOUND
2026-04-17 15:04:36,MemoryScan,DATA,Extracted,NOT_FOUND
2026-04-17 15:04:38,MemoryScan,V1_BOUNDS_BYPASS,Extracted,NOT_FOUND
2026-04-17 15:04:38,MemoryScan,V2_BTB_INJECTION,Extracted,NOT_FOUND
2026-04-17 15:04:38,MemoryScan,DATA,Extracted,NOT_FOUND
2026-04-17 15:04:38,MemoryScan,V1_BOUNDS_BYPASS,Extracted,NOT_FOUND
2026-04-17 15:04:38,MemoryScan,V2_BTB_INJECTION,Extracted,NOT_FOUND
2026-04-17 15:04:38,MemoryScan,DATA,Extracted,NOT_FOUND
2026-04-17 15:04:38,MemoryScan,V1_BOUNDS_BYPASS,Extracted,NOT_FOUND
2026-04-17 15:04:38,MemoryScan,V2_BTB_INJECTION,Extracted,NOT_FOUND
2026-04-17 15:04:38,MemoryScan,DATA,Extracted,NOT_FOUND
2026-04-17 15:04:39,MemoryScan,V1_BOUNDS_BYPASS,Extracted,0x400
2026-04-17 15:04:39,MemoryScan,V2_BTB_INJECTION,Extracted,NOT_FOUND
2026-04-17 15:04:39,MemoryScan,DATA,Extracted,NOT_FOUND
2026-04-17 15:04:39,MemoryScan,V1_BOUNDS_BYPASS,Extracted,NOT_FOUND
2026-04-17 15:04:39,MemoryScan,V2_BTB_INJECTION,Extracted,NOT_FOUND
2026-04-17 15:04:39,MemoryScan,DATA,Extracted,NOT_FOUND
2026-04-17 15:04:39,MemoryScan,V1_BOUNDS_BYPASS,Extracted,NOT_FOUND
2026-04-17 15:04:39,MemoryScan,V2_BTB_INJECTION,Extracted,NOT_FOUND
2026-04-17 15:04:39,MemoryScan,DATA,Extracted,NOT_FOUND
2026-04-17 15:04:40,MemoryScan,V1_BOUNDS_BYPASS,Extracted,NOT_FOUND
2026-04-17 15:04:40,MemoryScan,V2_BTB_INJECTION,Extracted,NOT_FOUND
2026-04-17 15:04:40,MemoryScan,DATA,Extracted,NOT_FOUND
2026-04-17 15:04:40,MemoryScan,V1_BOUNDS_BYPASS,Extracted,NOT_FOUND
2026-04-17 15:04:40,MemoryScan,V2_BTB_INJECTION,Extracted,NOT_FOUND
2026-04-17 15:04:40,MemoryScan,DATA,Extracted,NOT_FOUND
2026-04-17 15:04:41,MemoryScan,V1_BOUNDS_BYPASS,Extracted,NOT_FOUND
2026-04-17 15:04:41,MemoryScan,V2_BTB_INJECTION,Extracted,NOT_FOUND
2026-04-17 15:04:41,MemoryScan,DATA,Extracted,NOT_FOUND
2026-04-17 15:04:41,MemoryScan,V1_BOUNDS_BYPASS,Extracted,NOT_FOUND
2026-04-17 15:04:41,MemoryScan,V2_BTB_INJECTION,Extracted,NOT_FOUND
2026-04-17 15:04:41,MemoryScan,DATA,Extracted,0x400
2026-04-17 15:04:41,MemoryScan,V1_BOUNDS_BYPASS,Extracted,NOT_FOUND
2026-04-17 15:04:41,MemoryScan,V2_BTB_INJECTION,Extracted,NOT_FOUND
2026-04-17 15:04:41,MemoryScan,DATA,Extracted,NOT_FOUND
2026-04-17 15:04:42,MemoryScan,V1_BOUNDS_BYPASS,Extracted,0x400
2026-04-17 15:04:42,MemoryScan,V2_BTB_INJECTION,Extracted,NOT_FOUND
2026-04-17 15:04:42,MemoryScan,DATA,Extracted,NOT_FOUND
2026-04-17 15:04:43,MemoryScan,V1_BOUNDS_BYPASS,Extracted,NOT_FOUND
2026-04-17 15:04:43,MemoryScan,V2_BTB_INJECTION,Extracted,NOT_FOUND
2026-04-17 15:04:43,MemoryScan,DATA,Extracted,NOT_FOUND
2026-04-17 15:04:43,MemoryScan,V1_BOUNDS_BYPASS,Extracted,NOT_FOUND
2026-04-17 15:04:43,MemoryScan,V2_BTB_INJECTION,Extracted,NOT_FOUND
2026-04-17 15:04:43,MemoryScan,DATA,Extracted,NOT_FOUND
2026-04-17 15:04:44,MemoryScan,V1_BOUNDS_BYPASS,Extracted,NOT_FOUND
2026-04-17 15:04:44,MemoryScan,V2_BTB_INJECTION,Extracted,NOT_FOUND
2026-04-17 15:04:44,MemoryScan,DATA,Extracted,NOT_FOUND
2026-04-17 15:04:44,MemoryScan,V1_BOUNDS_BYPASS,Extracted,NOT_FOUND
2026-04-17 15:04:44,MemoryScan,V2_BTB_INJECTION,Extracted,NOT_FOUND
2026-04-17 15:04:44,MemoryScan,DATA,Extracted,0x400
2026-04-17 15:06:06,MemoryScan,V1_BOUNDS_BYPASS,Extracted,NOT_FOUND
2026-04-17 15:06:06,MemoryScan,V2_BTB_INJECTION,Extracted,NOT_FOUND
2026-04-17 15:06:06,MemoryScan,DATA,Extracted,NOT_FOUND
2026-04-17 15:06:07,MemoryScan,V1_BOUNDS_BYPASS,Extracted,NOT_FOUND
2026-04-17 15:06:07,MemoryScan,V2_BTB_INJECTION,Extracted,NOT_FOUND
2026-04-17 15:06:07,MemoryScan,DATA,Extracted,NOT_FOUND
2026-04-17 15:06:08,MemoryScan,V1_BOUNDS_BYPASS,Extracted,NOT_FOUND
2026-04-17 15:06:08,MemoryScan,V2_BTB_INJECTION,Extracted,NOT_FOUND
2026-04-17 15:06:08,MemoryScan,DATA,Extracted,NOT_FOUND
2026-04-17 15:06:09,MemoryScan,V1_BOUNDS_BYPASS,Extracted,NOT_FOUND
2026-04-17 15:06:09,MemoryScan,V2_BTB_INJECTION,Extracted,NOT_FOUND
2026-04-17 15:06:09,MemoryScan,DATA,Extracted,NOT_FOUND
2026-04-17 15:06:10,MemoryScan,V1_BOUNDS_BYPASS,Extracted,NOT_FOUND
2026-04-17 15:06:10,MemoryScan,V2_BTB_INJECTION,Extracted,NOT_FOUND
2026-04-17 15:06:10,MemoryScan,DATA,Extracted,0x400
2026-04-17 15:22:06,MemoryScan,V1_BOUNDS_BYPASS,Extracted,NOT_FOUND
2026-04-17 15:22:06,MemoryScan,V2_BTB_INJECTION,Extracted,NOT_FOUND
2026-04-17 15:22:07,MemoryScan,V1_BOUNDS_BYPASS,Extracted,NOT_FOUND
2026-04-17 15:22:07,MemoryScan,V2_BTB_INJECTION,Extracted,NOT_FOUND
2026-04-17 15:22:08,MemoryScan,V1_BOUNDS_BYPASS,Extracted,NOT_FOUND
2026-04-17 15:22:08,MemoryScan,V2_BTB_INJECTION,Extracted,0x400
2026-04-17 15:22:08,MemoryScan,V1_BOUNDS_BYPASS,Extracted,NOT_FOUND
2026-04-17 15:22:08,MemoryScan,V2_BTB_INJECTION,Extracted,NOT_FOUND
2026-04-17 15:22:09,MemoryScan,V1_BOUNDS_BYPASS,Extracted,NOT_FOUND
2026-04-17 15:22:09,MemoryScan,V2_BTB_INJECTION,Extracted,NOT_FOUND
2026-04-17 15:22:10,MemoryScan,V1_BOUNDS_BYPASS,Extracted,NOT_FOUND
2026-04-17 15:22:10,MemoryScan,V2_BTB_INJECTION,Extracted,NOT_FOUND
2026-04-17 15:22:11,MemoryScan,V1_BOUNDS_BYPASS,Extracted,NOT_FOUND
2026-04-17 15:22:11,MemoryScan,V2_BTB_INJECTION,Extracted,NOT_FOUND
2026-04-17 15:22:12,MemoryScan,V1_BOUNDS_BYPASS,Extracted,NOT_FOUND
2026-04-17 15:22:12,MemoryScan,V2_BTB_INJECTION,Extracted,NOT_FOUND
2026-04-17 15:22:13,MemoryScan,V1_BOUNDS_BYPASS,Extracted,NOT_FOUND
2026-04-17 15:22:13,MemoryScan,V2_BTB_INJECTION,Extracted,NOT_FOUND
2026-04-17 15:22:14,MemoryScan,V1_BOUNDS_BYPASS,Extracted,NOT_FOUND
2026-04-17 15:22:14,MemoryScan,V2_BTB_INJECTION,Extracted,NOT_FOUND
2026-04-17 15:22:14,MemoryScan,V1_BOUNDS_BYPASS,Extracted,NOT_FOUND
2026-04-17 15:22:14,MemoryScan,V2_BTB_INJECTION,Extracted,0x400
2026-04-17 15:22:25,MemoryScan,V1_BOUNDS_BYPASS,Extracted,0x400
2026-04-17 15:22:25,MemoryScan,V2_BTB_INJECTION,Extracted,NOT_FOUND
2026-04-17 15:22:27,MemoryScan,V1_BOUNDS_BYPASS,Extracted,NOT_FOUND
2026-04-17 15:22:27,MemoryScan,V2_BTB_INJECTION,Extracted,0x400
2026-04-17 15:22:28,MemoryScan,V1_BOUNDS_BYPASS,Extracted,NOT_FOUND
2026-04-17 15:22:28,MemoryScan,V2_BTB_INJECTION,Extracted,NOT_FOUND
2026-04-17 15:22:28,MemoryScan,V1_BOUNDS_BYPASS,Extracted,NOT_FOUND
2026-04-17 15:22:28,MemoryScan,V2_BTB_INJECTION,Extracted,NOT_FOUND
2026-04-17 15:22:29,MemoryScan,V1_BOUNDS_BYPASS,Extracted,NOT_FOUND
2026-04-17 15:22:29,MemoryScan,V2_BTB_INJECTION,Extracted,NOT_FOUND
2026-04-17 15:22:30,MemoryScan,V1_BOUNDS_BYPASS,Extracted,NOT_FOUND
2026-04-17 15:22:30,MemoryScan,V2_BTB_INJECTION,Extracted,NOT_FOUND
2026-04-17 15:22:31,MemoryScan,V1_BOUNDS_BYPASS,Extracted,NOT_FOUND
2026-04-17 15:22:31,MemoryScan,V2_BTB_INJECTION,Extracted,NOT_FOUND
2026-04-17 15:22:31,MemoryScan,V1_BOUNDS_BYPASS,Extracted,0x400
2026-04-17 15:22:31,MemoryScan,V2_BTB_INJECTION,Extracted,NOT_FOUND
2026-04-17 15:22:38,Variant1,V1_BOUNDS_BYPASS,Registry_Injected,N/A
2026-04-17 15:24:00,MemoryScan,V1_BOUNDS_BYPASS,Extracted,NOT_FOUND
2026-04-17 15:24:00,MemoryScan,V2_BTB_INJECTION,Extracted,NOT_FOUND
2026-04-17 15:24:01,MemoryScan,V1_BOUNDS_BYPASS,Extracted,NOT_FOUND
2026-04-17 15:24:01,MemoryScan,V2_BTB_INJECTION,Extracted,NOT_FOUND
2026-04-17 15:24:02,MemoryScan,V1_BOUNDS_BYPASS,Extracted,NOT_FOUND
2026-04-17 15:24:02,MemoryScan,V2_BTB_INJECTION,Extracted,NOT_FOUND
2026-04-17 15:24:03,MemoryScan,V1_BOUNDS_BYPASS,Extracted,NOT_FOUND
2026-04-17 15:24:03,MemoryScan,V2_BTB_INJECTION,Extracted,NOT_FOUND
2026-04-17 15:24:03,MemoryScan,V1_BOUNDS_BYPASS,Extracted,NOT_FOUND
2026-04-17 15:24:03,MemoryScan,V2_BTB_INJECTION,Extracted,NOT_FOUND
2026-04-17 15:24:04,MemoryScan,V1_BOUNDS_BYPASS,Extracted,NOT_FOUND
2026-04-17 15:24:04,MemoryScan,V2_BTB_INJECTION,Extracted,NOT_FOUND
2026-04-17 15:24:05,MemoryScan,V1_BOUNDS_BYPASS,Extracted,NOT_FOUND
2026-04-17 15:24:05,MemoryScan,V2_BTB_INJECTION,Extracted,NOT_FOUND
2026-04-17 15:24:08,MemoryScan,V1_BOUNDS_BYPASS,Extracted,NOT_FOUND
2026-04-17 15:24:08,MemoryScan,V2_BTB_INJECTION,Extracted,NOT_FOUND
2026-04-17 15:24:09,MemoryScan,V1_BOUNDS_BYPASS,Extracted,NOT_FOUND
2026-04-17 15:24:09,MemoryScan,V2_BTB_INJECTION,Extracted,NOT_FOUND
2026-04-17 15:24:09,MemoryScan,V1_BOUNDS_BYPASS,Extracted,NOT_FOUND
2026-04-17 15:24:09,MemoryScan,V2_BTB_INJECTION,Extracted,NOT_FOUND
2026-04-17 15:24:09,MemoryScan,V1_BOUNDS_BYPASS,Extracted,NOT_FOUND
2026-04-17 15:24:09,MemoryScan,V2_BTB_INJECTION,Extracted,NOT_FOUND
2026-04-17 15:24:10,MemoryScan,V1_BOUNDS_BYPASS,Extracted,NOT_FOUND
2026-04-17 15:24:10,MemoryScan,V2_BTB_INJECTION,Extracted,NOT_FOUND
2026-04-17 15:24:10,MemoryScan,V1_BOUNDS_BYPASS,Extracted,0x400
2026-04-17 15:24:10,MemoryScan,V2_BTB_INJECTION,Extracted,NOT_FOUND
2026-04-17 15:51:44,MemoryScan,V1_BOUNDS_BYPASS,Extracted,0x0
2026-04-17 15:51:44,MemoryScan,V2_BTB_INJECTION,Extracted,0x0
2026-04-17 15:51:44,MemoryScan,DATA,Extracted,0x0
2026-04-17 15:52:13,MemoryScan,V1_BOUNDS_BYPASS,Extracted,0x0
2026-04-17 15:52:13,MemoryScan,V2_BTB_INJECTION,Extracted,0x0
2026-04-17 15:58:34,MemoryScan,V1_BOUNDS_BYPASS,Extracted,0x0
2026-04-17 15:58:34,MemoryScan,V2_BTB_INJECTION,Extracted,0x0
2026-04-17 15:58:34,MemoryScan,DATA,Extracted,0x0
2026-04-17 15:58:36,MemoryScan,V1_BOUNDS_BYPASS,Extracted,0x0
2026-04-17 15:58:36,MemoryScan,V2_BTB_INJECTION,Extracted,0x0
2026-04-17 15:58:36,MemoryScan,DATA,Extracted,0x0
2026-04-17 15:58:36,MemoryScan,V1_BOUNDS_BYPASS,Extracted,0x0
2026-04-17 15:58:36,MemoryScan,V2_BTB_INJECTION,Extracted,0x10
2026-04-17 15:58:37,MemoryScan,DATA,Extracted,0x0
2026-04-17 15:58:38,MemoryScan,V1_BOUNDS_BYPASS,Extracted,0x0
2026-04-17 15:58:38,MemoryScan,V2_BTB_INJECTION,Extracted,0x0
2026-04-17 15:58:38,MemoryScan,DATA,Extracted,0x0
2026-04-17 15:58:40,MemoryScan,V1_BOUNDS_BYPASS,Extracted,0x0
2026-04-17 15:58:40,MemoryScan,V2_BTB_INJECTION,Extracted,0x0
2026-04-17 15:58:40,MemoryScan,DATA,Extracted,0x0
2026-04-17 15:58:41,MemoryScan,V1_BOUNDS_BYPASS,Extracted,0x0
2026-04-17 15:58:41,MemoryScan,V2_BTB_INJECTION,Extracted,0x0
2026-04-17 15:58:41,MemoryScan,DATA,Extracted,0x0
2026-04-17 15:58:42,MemoryScan,V1_BOUNDS_BYPASS,Extracted,0x0
2026-04-17 15:58:42,MemoryScan,V2_BTB_INJECTION,Extracted,0x0
2026-04-17 15:58:42,MemoryScan,DATA,Extracted,0x10
2026-04-17 15:58:43,MemoryScan,V1_BOUNDS_BYPASS,Extracted,0x0
2026-04-17 15:58:43,MemoryScan,V2_BTB_INJECTION,Extracted,0x0
2026-04-17 15:58:43,MemoryScan,DATA,Extracted,0x0
2026-04-17 15:58:43,MemoryScan,V1_BOUNDS_BYPASS,Extracted,0x10
2026-04-17 15:58:43,MemoryScan,V2_BTB_INJECTION,Extracted,0x0
2026-04-17 15:58:43,MemoryScan,DATA,Extracted,0x0
2026-04-17 15:58:44,MemoryScan,V1_BOUNDS_BYPASS,Extracted,0x0
2026-04-17 15:58:44,MemoryScan,V2_BTB_INJECTION,Extracted,0x0
2026-04-17 15:58:44,MemoryScan,DATA,Extracted,0x0
2026-04-17 15:58:45,MemoryScan,V1_BOUNDS_BYPASS,Extracted,0x0
2026-04-17 15:58:45,MemoryScan,V2_BTB_INJECTION,Extracted,0x0
2026-04-17 15:58:45,MemoryScan,DATA,Extracted,0x0
2026-04-17 15:58:46,MemoryScan,V1_BOUNDS_BYPASS,Extracted,0x0
2026-04-17 15:58:46,MemoryScan,V2_BTB_INJECTION,Extracted,0x0
2026-04-17 15:58:46,MemoryScan,DATA,Extracted,0x10
2026-04-17 15:58:47,MemoryScan,V1_BOUNDS_BYPASS,Extracted,0x0
2026-04-17 15:58:47,MemoryScan,V2_BTB_INJECTION,Extracted,0x0
2026-04-17 15:58:47,MemoryScan,DATA,Extracted,0x10
2026-04-17 15:58:47,MemoryScan,V1_BOUNDS_BYPASS,Extracted,0x0
2026-04-17 15:58:47,MemoryScan,V2_BTB_INJECTION,Extracted,0x0
2026-04-17 15:58:47,MemoryScan,DATA,Extracted,0x0
2026-04-17 15:58:47,MemoryScan,V1_BOUNDS_BYPASS,Extracted,0x0
2026-04-17 15:58:47,MemoryScan,V2_BTB_INJECTION,Extracted,0x10
2026-04-17 15:58:47,MemoryScan,DATA,Extracted,0x0
2026-04-17 15:58:48,MemoryScan,V1_BOUNDS_BYPASS,Extracted,0x0
2026-04-17 15:58:48,MemoryScan,V2_BTB_INJECTION,Extracted,0x0
2026-04-17 15:58:48,MemoryScan,DATA,Extracted,0x0
2026-04-17 18:00:41,MemoryScan,V1_BOUNDS_BYPASS,Extracted,0x0
2026-04-17 18:00:44,MemoryScan,V2_BTB_INJECTION,Extracted,0x0
2026-04-17 18:00:45,ControlMatch,V1_BOUNDS_BYPASS,Found,RichEditD2DPT1
2026-04-17 18:00:45,ControlMatch,V2_BTB_INJECTION,Found,RichEditD2DPT1
2026-04-17 18:00:45,ControlMatch,DATA,Found,RichEditD2DPT1
2026-04-17 18:00:45,ControlMatch,DATA,Found,RichEditD2DPT2
2026-04-17 18:00:48,MemoryScan,DATA,Extracted,0x0
2026-04-17 18:00:52,MemoryScan,V1_BOUNDS_BYPASS,Extracted,0x0
2026-04-17 18:00:55,MemoryScan,V2_BTB_INJECTION,Extracted,0x0
2026-04-17 18:00:59,MemoryScan,DATA,Extracted,0x0
2026-04-17 18:01:05,MemoryScan,V1_BOUNDS_BYPASS,Extracted,0x0
2026-04-17 18:01:08,MemoryScan,V2_BTB_INJECTION,Extracted,0x0
2026-04-17 18:01:11,MemoryScan,DATA,Extracted,0x0
2026-04-17 18:01:17,MemoryScan,V1_BOUNDS_BYPASS,Extracted,0x0
2026-04-17 18:01:21,MemoryScan,V2_BTB_INJECTION,Extracted,0x0
2026-04-17 18:01:24,MemoryScan,DATA,Extracted,0x0
2026-04-17 18:01:29,MemoryScan,V1_BOUNDS_BYPASS,Extracted,0x0
2026-04-17 18:01:33,MemoryScan,V2_BTB_INJECTION,Extracted,0x0
2026-04-17 18:01:36,MemoryScan,DATA,Extracted,0x0
2026-04-17 18:02:00,MemoryScan,V1_BOUNDS_BYPASS,Extracted,0x0
2026-04-17 18:02:03,MemoryScan,V2_BTB_INJECTION,Extracted,0x0
2026-04-17 18:02:07,MemoryScan,DATA,Extracted,0x0
2026-04-17 18:02:12,MemoryScan,V1_BOUNDS_BYPASS,Extracted,0x0
2026-04-17 18:02:15,MemoryScan,V2_BTB_INJECTION,Extracted,0x0
2026-04-17 18:02:18,MemoryScan,DATA,Extracted,0x0
2026-04-17 18:02:23,MemoryScan,V1_BOUNDS_BYPASS,Extracted,0x0
2026-04-17 18:02:27,MemoryScan,V2_BTB_INJECTION,Extracted,0x0
2026-04-17 18:02:30,MemoryScan,DATA,Extracted,0x0
2026-04-17 18:02:44,MemoryScan,V1_BOUNDS_BYPASS,Extracted,0x0
2026-04-17 18:02:48,MemoryScan,V2_BTB_INJECTION,Extracted,0x0
2026-04-17 18:02:51,MemoryScan,DATA,Extracted,0x0
2026-04-17 18:02:57,MemoryScan,V1_BOUNDS_BYPASS,Extracted,0x0
2026-04-17 18:03:00,MemoryScan,V2_BTB_INJECTION,Extracted,0x0
2026-04-17 18:03:03,MemoryScan,DATA,Extracted,0x0
2026-04-17 18:03:09,MemoryScan,V1_BOUNDS_BYPASS,Extracted,0x0
2026-04-17 18:03:12,MemoryScan,V2_BTB_INJECTION,Extracted,0x0
2026-04-17 18:03:16,MemoryScan,DATA,Extracted,0x0
2026-04-17 18:03:21,MemoryScan,V1_BOUNDS_BYPASS,Extracted,0x0
2026-04-17 18:03:24,MemoryScan,V2_BTB_INJECTION,Extracted,0x0
2026-04-17 18:03:28,MemoryScan,DATA,Extracted,0x0
2026-04-17 18:03:39,MemoryScan,V1_BOUNDS_BYPASS,Extracted,0x0
2026-04-17 18:03:43,MemoryScan,V2_BTB_INJECTION,Extracted,0x0
2026-04-17 18:03:46,MemoryScan,DATA,Extracted,0x0
2026-04-17 18:03:50,MemoryScan,V1_BOUNDS_BYPASS,Extracted,0x0
2026-04-17 18:03:54,MemoryScan,V2_BTB_INJECTION,Extracted,0x0
2026-04-17 18:03:57,MemoryScan,DATA,Extracted,0x0
2026-04-17 18:04:41,ControlMatch,V1_BOUNDS_BYPASS,Found,RichEditD2DPT1
2026-04-17 18:04:41,ControlMatch,V2_BTB_INJECTION,Found,RichEditD2DPT1
2026-04-17 18:04:41,ControlMatch,DATA,Found,RichEditD2DPT1
2026-04-17 18:04:41,ControlMatch,DATA,Found,RichEditD2DPT2
2026-04-17 18:06:33,ControlMatch,V1_BOUNDS_BYPASS,Found,RichEditD2DPT1
2026-04-17 18:06:33,ControlMatch,V2_BTB_INJECTION,Found,RichEditD2DPT1
2026-04-17 18:06:33,ControlMatch,DATA,Found,RichEditD2DPT1
2026-04-17 18:06:33,ControlMatch,DATA,Found,RichEditD2DPT2
2026-04-17 18:10:20,MemoryScan,V1_BOUNDS_BYPASS,Extracted,0x0
2026-04-17 18:10:21,MemoryScan,V2_BTB_INJECTION,Extracted,0x0
2026-04-17 18:10:21,MemoryScan,DATA,Extracted,0x0
2026-04-17 18:10:23,MemoryScan,V1_BOUNDS_BYPASS,Extracted,0x0
2026-04-17 18:10:23,MemoryScan,V2_BTB_INJECTION,Extracted,0x0
2026-04-17 18:10:24,MemoryScan,DATA,Extracted,0x0
2026-04-17 18:10:24,MemoryScan,V1_BOUNDS_BYPASS,Extracted,0x0
2026-04-17 18:10:24,MemoryScan,V2_BTB_INJECTION,Extracted,0x0
2026-04-17 18:10:25,MemoryScan,DATA,Extracted,0x0
2026-04-17 18:10:25,MemoryScan,V1_BOUNDS_BYPASS,Extracted,0x0
2026-04-17 18:10:26,MemoryScan,V2_BTB_INJECTION,Extracted,0x0
2026-04-17 18:10:26,MemoryScan,DATA,Extracted,0x0
2026-04-17 18:10:26,ControlMatch,V1_BOUNDS_BYPASS,Found,RichEditD2DPT1
2026-04-17 18:10:26,ControlMatch,V2_BTB_INJECTION,Found,RichEditD2DPT1
2026-04-17 18:10:26,ControlMatch,DATA,Found,RichEditD2DPT1
2026-04-17 18:10:26,ControlMatch,DATA,Found,RichEditD2DPT2
2026-04-17 18:10:32,ControlMatch,V1_BOUNDS_BYPASS,Found,RichEditD2DPT1
2026-04-17 18:10:32,ControlMatch,V2_BTB_INJECTION,Found,RichEditD2DPT1
2026-04-17 18:10:32,ControlMatch,DATA,Found,RichEditD2DPT1
2026-04-17 18:10:32,ControlMatch,DATA,Found,RichEditD2DPT2
2026-04-17 18:10:37,MemoryScan,V1_BOUNDS_BYPASS,Extracted,0x0
2026-04-17 18:10:38,MemoryScan,V2_BTB_INJECTION,Extracted,0x0
2026-04-17 18:10:38,MemoryScan,DATA,Extracted,0x0
2026-04-17 18:10:41,MemoryScan,V1_BOUNDS_BYPASS,Extracted,0x0
2026-04-17 18:10:41,MemoryScan,V2_BTB_INJECTION,Extracted,0x0
2026-04-17 18:10:42,MemoryScan,DATA,Extracted,0x0
2026-04-17 18:10:43,MemoryScan,V1_BOUNDS_BYPASS,Extracted,0x0
2026-04-17 18:10:43,MemoryScan,V2_BTB_INJECTION,Extracted,0x10
2026-04-17 18:10:43,MemoryScan,DATA,Extracted,0x0
2026-04-17 18:10:45,MemoryScan,V1_BOUNDS_BYPASS,Extracted,0x0
2026-04-17 18:10:45,MemoryScan,V2_BTB_INJECTION,Extracted,0x0
2026-04-17 18:10:46,MemoryScan,DATA,Extracted,0x0
2026-04-17 18:10:47,MemoryScan,V1_BOUNDS_BYPASS,Extracted,0x0
2026-04-17 18:10:48,MemoryScan,V2_BTB_INJECTION,Extracted,0x0
2026-04-17 18:10:48,MemoryScan,DATA,Extracted,0x10
2026-04-17 18:10:49,MemoryScan,V1_BOUNDS_BYPASS,Extracted,0x0
2026-04-17 18:10:50,MemoryScan,V2_BTB_INJECTION,Extracted,0x0
2026-04-17 18:10:50,MemoryScan,DATA,Extracted,0x0
2026-04-17 18:10:51,MemoryScan,V1_BOUNDS_BYPASS,Extracted,0x10
2026-04-17 18:10:51,MemoryScan,V2_BTB_INJECTION,Extracted,0x0
2026-04-17 18:10:51,MemoryScan,DATA,Extracted,0x10
2026-04-17 18:10:53,MemoryScan,V1_BOUNDS_BYPASS,Extracted,0x0
2026-04-17 18:10:53,MemoryScan,V2_BTB_INJECTION,Extracted,0x0
2026-04-17 18:10:54,MemoryScan,DATA,Extracted,0x0
2026-04-17 18:10:56,MemoryScan,V1_BOUNDS_BYPASS,Extracted,0x0
2026-04-17 18:10:57,MemoryScan,V2_BTB_INJECTION,Extracted,0x0
2026-04-17 18:10:57,MemoryScan,DATA,Extracted,0x0
2026-04-17 18:10:58,MemoryScan,V1_BOUNDS_BYPASS,Extracted,0x0
2026-04-17 18:10:59,MemoryScan,V2_BTB_INJECTION,Extracted,0x0
2026-04-17 18:10:59,MemoryScan,DATA,Extracted,0x0
2026-04-17 18:11:00,MemoryScan,V1_BOUNDS_BYPASS,Extracted,0x10
2026-04-17 18:11:00,MemoryScan,V2_BTB_INJECTION,Extracted,0x0
2026-04-17 18:11:00,MemoryScan,DATA,Extracted,0x10
2026-04-17 18:11:01,MemoryScan,V1_BOUNDS_BYPASS,Extracted,0x0
2026-04-17 18:11:02,MemoryScan,V2_BTB_INJECTION,Extracted,0x0
2026-04-17 18:11:02,MemoryScan,DATA,Extracted,0x0
2026-04-17 18:11:03,MemoryScan,V1_BOUNDS_BYPASS,Extracted,0x10
2026-04-17 18:11:03,MemoryScan,V2_BTB_INJECTION,Extracted,0x10
2026-04-17 18:11:04,MemoryScan,DATA,Extracted,0x0
2026-04-17 18:11:05,MemoryScan,V1_BOUNDS_BYPASS,Extracted,0x0
2026-04-17 18:11:06,MemoryScan,V2_BTB_INJECTION,Extracted,0x0
2026-04-17 18:11:06,MemoryScan,DATA,Extracted,0x0
2026-04-17 18:11:07,MemoryScan,V1_BOUNDS_BYPASS,Extracted,0x0
2026-04-17 18:11:07,MemoryScan,V2_BTB_INJECTION,Extracted,0x10
2026-04-17 18:11:08,MemoryScan,DATA,Extracted,0x0
2026-04-17 18:11:09,MemoryScan,V1_BOUNDS_BYPASS,Extracted,0x0
2026-04-17 18:11:10,MemoryScan,V2_BTB_INJECTION,Extracted,0x0
2026-04-17 18:11:10,MemoryScan,DATA,Extracted,0x0
2026-04-17 18:11:12,MemoryScan,V1_BOUNDS_BYPASS,Extracted,0x0
2026-04-17 18:11:12,MemoryScan,V2_BTB_INJECTION,Extracted,0x0
2026-04-17 18:11:12,MemoryScan,DATA,Extracted,0x0
2026-04-17 18:11:14,MemoryScan,V1_BOUNDS_BYPASS,Extracted,0x0
2026-04-17 18:11:14,MemoryScan,V2_BTB_INJECTION,Extracted,0x10
2026-04-17 18:11:14,MemoryScan,DATA,Extracted,0x0
2026-04-17 18:11:16,MemoryScan,V1_BOUNDS_BYPASS,Extracted,0x0
2026-04-17 18:11:16,MemoryScan,V2_BTB_INJECTION,Extracted,0x0
2026-04-17 18:11:17,MemoryScan,DATA,Extracted,0x0
2026-04-17 18:11:18,MemoryScan,V1_BOUNDS_BYPASS,Extracted,0x0
2026-04-17 18:11:18,MemoryScan,V2_BTB_INJECTION,Extracted,0x0
2026-04-17 18:11:19,MemoryScan,DATA,Extracted,0x0
2026-04-17 18:11:20,MemoryScan,V1_BOUNDS_BYPASS,Extracted,0x0
2026-04-17 18:11:21,MemoryScan,V2_BTB_INJECTION,Extracted,0x0
2026-04-17 18:11:21,MemoryScan,DATA,Extracted,0x0
2026-04-17 18:11:22,MemoryScan,V1_BOUNDS_BYPASS,Extracted,0x0
2026-04-17 18:11:23,MemoryScan,V2_BTB_INJECTION,Extracted,0x0
2026-04-17 18:11:23,MemoryScan,DATA,Extracted,0x0
2026-04-17 18:11:24,MemoryScan,V1_BOUNDS_BYPASS,Extracted,0x0
2026-04-17 18:11:25,MemoryScan,V2_BTB_INJECTION,Extracted,0x0
2026-04-17 18:11:25,MemoryScan,DATA,Extracted,0x0
2026-04-17 18:11:26,MemoryScan,V1_BOUNDS_BYPASS,Extracted,0x0
2026-04-17 18:11:27,MemoryScan,V2_BTB_INJECTION,Extracted,0x0
2026-04-17 18:11:27,MemoryScan,DATA,Extracted,0x0
2026-04-17 18:11:28,MemoryScan,V1_BOUNDS_BYPASS,Extracted,0x10
2026-04-17 18:11:28,MemoryScan,V2_BTB_INJECTION,Extracted,0x0
2026-04-17 18:11:29,MemoryScan,DATA,Extracted,0x0
2026-04-17 18:11:31,MemoryScan,V1_BOUNDS_BYPASS,Extracted,0x0
2026-04-17 18:11:31,MemoryScan,V2_BTB_INJECTION,Extracted,0x0
2026-04-17 18:11:32,MemoryScan,DATA,Extracted,0x0
2026-04-17 18:11:33,MemoryScan,V1_BOUNDS_BYPASS,Extracted,0x0
2026-04-17 18:11:34,MemoryScan,V2_BTB_INJECTION,Extracted,0x0
2026-04-17 18:11:34,MemoryScan,DATA,Extracted,0x0
2026-04-17 18:11:36,MemoryScan,V1_BOUNDS_BYPASS,Extracted,0x0
2026-04-17 18:11:36,MemoryScan,V2_BTB_INJECTION,Extracted,0x0
2026-04-17 18:11:36,MemoryScan,DATA,Extracted,0x10
2026-04-17 18:15:55,MemoryScan,V1_BOUNDS_BYPASS,Extracted,0x0
2026-04-17 18:15:55,MemoryScan,V2_BTB_INJECTION,Extracted,0x0
2026-04-17 18:15:55,MemoryScan,DATA,Extracted,0x0
2026-04-17 18:15:56,MemoryScan,V1_BOUNDS_BYPASS,Extracted,0x10
2026-04-17 18:15:56,MemoryScan,V2_BTB_INJECTION,Extracted,0x0
2026-04-17 18:15:56,MemoryScan,DATA,Extracted,0x0
2026-04-17 18:15:58,MemoryScan,V1_BOUNDS_BYPASS,Extracted,0x0
2026-04-17 18:15:58,MemoryScan,V2_BTB_INJECTION,Extracted,0x0
2026-04-17 18:15:59,MemoryScan,DATA,Extracted,0x0
2026-04-17 18:16:01,MemoryScan,V1_BOUNDS_BYPASS,Extracted,0x0
2026-04-17 18:16:01,MemoryScan,V2_BTB_INJECTION,Extracted,0x0
2026-04-17 18:16:01,MemoryScan,DATA,Extracted,0x0
2026-04-17 18:16:03,MemoryScan,V1_BOUNDS_BYPASS,Extracted,0x0
2026-04-17 18:16:04,MemoryScan,V2_BTB_INJECTION,Extracted,0x0
2026-04-17 18:16:04,MemoryScan,DATA,Extracted,0x0
2026-04-17 18:16:06,MemoryScan,V1_BOUNDS_BYPASS,Extracted,0x0
2026-04-17 18:16:07,MemoryScan,V2_BTB_INJECTION,Extracted,0x0
2026-04-17 18:16:07,MemoryScan,DATA,Extracted,0x10
2026-04-17 18:16:10,MemoryScan,V1_BOUNDS_BYPASS,Extracted,0x0
2026-04-17 18:16:10,MemoryScan,V2_BTB_INJECTION,Extracted,0x0
2026-04-17 18:16:11,MemoryScan,DATA,Extracted,0x0
2026-04-17 18:16:12,MemoryScan,V1_BOUNDS_BYPASS,Extracted,0x10
2026-04-17 18:16:12,MemoryScan,V2_BTB_INJECTION,Extracted,0x0
2026-04-17 18:16:12,MemoryScan,DATA,Extracted,0x10
2026-04-17 19:10:51,MemoryScan,DATA,Extracted,0x0
2026-04-17 19:10:51,MemoryScan,V1_BOUNDS_BYPASS,Extracted,0x0
2026-04-17 19:10:53,MemoryScan,DATA,Extracted,0x0
2026-04-17 19:10:53,MemoryScan,V1_BOUNDS_BYPASS,Extracted,0x0
2026-04-17 19:10:55,MemoryScan,DATA,Extracted,0x0
2026-04-17 19:10:55,MemoryScan,V1_BOUNDS_BYPASS,Extracted,0x0
2026-04-17 19:10:58,MemoryScan,DATA,Extracted,0x0
2026-04-17 19:10:58,MemoryScan,V1_BOUNDS_BYPASS,Extracted,0x0
2026-04-17 19:10:59,MemoryScan,DATA,Extracted,0x0
2026-04-17 19:10:59,MemoryScan,V1_BOUNDS_BYPASS,Extracted,0x1000
2026-04-17 19:11:01,MemoryScan,DATA,Extracted,0x0
2026-04-17 19:11:01,MemoryScan,V1_BOUNDS_BYPASS,Extracted,0x0
2026-04-17 19:11:02,MemoryScan,DATA,Extracted,0x0
2026-04-17 19:11:02,MemoryScan,V1_BOUNDS_BYPASS,Extracted,0x0
2026-04-17 19:11:03,MemoryScan,DATA,Extracted,0x0
2026-04-17 19:11:03,MemoryScan,V1_BOUNDS_BYPASS,Extracted,0x0
2026-04-17 19:11:04,MemoryScan,DATA,Extracted,0x0
2026-04-17 19:11:04,MemoryScan,V1_BOUNDS_BYPASS,Extracted,0x0
2026-04-17 19:11:04,MemoryScan,DATA,Extracted,0x0
2026-04-17 19:11:04,MemoryScan,V1_BOUNDS_BYPASS,Extracted,0x0
2026-04-17 19:11:05,MemoryScan,DATA,Extracted,0x0
2026-04-17 19:11:05,MemoryScan,V1_BOUNDS_BYPASS,Extracted,0x0
2026-04-17 19:11:06,MemoryScan,DATA,Extracted,0x0
2026-04-17 19:11:06,MemoryScan,V1_BOUNDS_BYPASS,Extracted,0x0
2026-04-17 19:11:08,MemoryScan,DATA,Extracted,0x0
2026-04-17 19:11:08,MemoryScan,V1_BOUNDS_BYPASS,Extracted,0x0
2026-04-17 19:11:09,MemoryScan,DATA,Extracted,0x0
2026-04-17 19:11:09,MemoryScan,V1_BOUNDS_BYPASS,Extracted,0x0
2026-04-17 19:11:10,MemoryScan,DATA,Extracted,0x0
2026-04-17 19:11:10,MemoryScan,V1_BOUNDS_BYPASS,Extracted,0x0
2026-04-17 19:11:11,MemoryScan,DATA,Extracted,0x0
2026-04-17 19:11:11,MemoryScan,V1_BOUNDS_BYPASS,Extracted,0x0
2026-04-17 19:11:11,MemoryScan,DATA,Extracted,0x0
2026-04-17 19:11:11,MemoryScan,V1_BOUNDS_BYPASS,Extracted,0x0
2026-04-17 19:11:11,MemoryScan,DATA,Extracted,0x0
2026-04-17 19:11:11,MemoryScan,V1_BOUNDS_BYPASS,Extracted,0x0
2026-04-17 19:11:12,MemoryScan,DATA,Extracted,0x0
2026-04-17 19:11:12,MemoryScan,V1_BOUNDS_BYPASS,Extracted,0x0
2026-04-17 19:11:12,MemoryScan,DATA,Extracted,0x0
2026-04-17 19:11:12,MemoryScan,V1_BOUNDS_BYPASS,Extracted,0x0
2026-04-17 19:11:12,MemoryScan,DATA,Extracted,0x0
2026-04-17 19:11:12,MemoryScan,V1_BOUNDS_BYPASS,Extracted,0x0
2026-04-17 19:11:13,MemoryScan,DATA,Extracted,0x0
2026-04-17 19:11:13,MemoryScan,V1_BOUNDS_BYPASS,Extracted,0x0
2026-04-17 19:11:13,MemoryScan,DATA,Extracted,0x0
2026-04-17 19:11:13,MemoryScan,V1_BOUNDS_BYPASS,Extracted,0x1000
2026-04-17 19:11:13,MemoryScan,DATA,Extracted,0x0
2026-04-17 19:11:13,MemoryScan,V1_BOUNDS_BYPASS,Extracted,0x0
2026-04-17 19:11:14,MemoryScan,DATA,Extracted,0x0
2026-04-17 19:11:14,MemoryScan,V1_BOUNDS_BYPASS,Extracted,0x0
2026-04-17 19:11:15,MemoryScan,DATA,Extracted,0x0
2026-04-17 19:11:15,MemoryScan,V1_BOUNDS_BYPASS,Extracted,0x0
2026-04-17 19:11:15,MemoryScan,DATA,Extracted,0x0
2026-04-17 19:11:15,MemoryScan,V1_BOUNDS_BYPASS,Extracted,0x0
2026-04-17 19:11:15,MemoryScan,DATA,Extracted,0x1000
2026-04-17 19:11:15,MemoryScan,V1_BOUNDS_BYPASS,Extracted,0x0
2026-04-17 19:15:27,MemoryScan,DATA,Extracted,0x0
2026-04-17 19:15:27,MemoryScan,V1_BOUNDS_BYPASS,Extracted,0x0
2026-04-17 19:15:28,MemoryScan,DATA,Extracted,0x0
2026-04-17 19:15:28,MemoryScan,V1_BOUNDS_BYPASS,Extracted,0x0
2026-04-17 19:15:29,MemoryScan,DATA,Extracted,0x0
2026-04-17 19:15:29,MemoryScan,V1_BOUNDS_BYPASS,Extracted,0x0
2026-04-17 19:15:30,MemoryScan,DATA,Extracted,0x0
2026-04-17 19:15:30,MemoryScan,V1_BOUNDS_BYPASS,Extracted,0x0
2026-04-17 19:15:31,MemoryScan,DATA,Extracted,0x0
2026-04-17 19:15:31,MemoryScan,V1_BOUNDS_BYPASS,Extracted,0x0
2026-04-17 19:15:32,MemoryScan,DATA,Extracted,0x0
2026-04-17 19:15:32,MemoryScan,V1_BOUNDS_BYPASS,Extracted,0x0
2026-04-17 19:15:33,MemoryScan,DATA,Extracted,0x0
2026-04-17 19:15:33,MemoryScan,V1_BOUNDS_BYPASS,Extracted,0x0
2026-04-17 19:15:33,MemoryScan,DATA,Extracted,0x0
2026-04-17 19:15:33,MemoryScan,V1_BOUNDS_BYPASS,Extracted,0x0
2026-04-17 19:15:33,MemoryScan,DATA,Extracted,0x0
2026-04-17 19:15:33,MemoryScan,V1_BOUNDS_BYPASS,Extracted,0x0
2026-04-17 19:15:34,MemoryScan,DATA,Extracted,0x0
2026-04-17 19:15:34,MemoryScan,V1_BOUNDS_BYPASS,Extracted,0x0
2026-04-17 19:15:34,MemoryScan,DATA,Extracted,0x0
2026-04-17 19:15:34,MemoryScan,V1_BOUNDS_BYPASS,Extracted,0x0
2026-04-17 19:15:34,MemoryScan,DATA,Extracted,0x0
2026-04-17 19:15:34,MemoryScan,V1_BOUNDS_BYPASS,Extracted,0x0
2026-04-17 19:15:34,MemoryScan,DATA,Extracted,0x0
2026-04-17 19:15:34,MemoryScan,V1_BOUNDS_BYPASS,Extracted,0x0
2026-04-17 19:15:34,MemoryScan,DATA,Extracted,0x0
2026-04-17 19:15:34,MemoryScan,V1_BOUNDS_BYPASS,Extracted,0x0
2026-04-17 19:15:34,MemoryScan,DATA,Extracted,0x0
2026-04-17 19:15:34,MemoryScan,V1_BOUNDS_BYPASS,Extracted,0x0
2026-04-17 19:15:35,MemoryScan,DATA,Extracted,0x0
2026-04-17 19:15:35,MemoryScan,V1_BOUNDS_BYPASS,Extracted,0x0
2026-04-17 19:15:35,MemoryScan,DATA,Extracted,0x0
2026-04-17 19:15:35,MemoryScan,V1_BOUNDS_BYPASS,Extracted,0x0
2026-04-17 19:15:35,MemoryScan,DATA,Extracted,0x0
2026-04-17 19:15:35,MemoryScan,V1_BOUNDS_BYPASS,Extracted,0x0
2026-04-17 19:15:36,MemoryScan,DATA,Extracted,0x0
2026-04-17 19:15:36,MemoryScan,V1_BOUNDS_BYPASS,Extracted,0x0
2026-04-17 19:15:36,MemoryScan,DATA,Extracted,0x0
2026-04-17 19:15:36,MemoryScan,V1_BOUNDS_BYPASS,Extracted,0x0
2026-04-17 19:15:36,MemoryScan,DATA,Extracted,0x0
2026-04-17 19:15:36,MemoryScan,V1_BOUNDS_BYPASS,Extracted,0x0
2026-04-17 19:15:36,MemoryScan,DATA,Extracted,0x0
2026-04-17 19:15:36,MemoryScan,V1_BOUNDS_BYPASS,Extracted,0x0
2026-04-17 19:15:36,MemoryScan,DATA,Extracted,0x0
2026-04-17 19:15:36,MemoryScan,V1_BOUNDS_BYPASS,Extracted,0x0
2026-04-17 19:15:37,MemoryScan,DATA,Extracted,0x0
2026-04-17 19:15:37,MemoryScan,V1_BOUNDS_BYPASS,Extracted,0x0
2026-04-17 19:15:37,MemoryScan,DATA,Extracted,0x0
2026-04-17 19:15:37,MemoryScan,V1_BOUNDS_BYPASS,Extracted,0x0
2026-04-17 19:15:37,MemoryScan,DATA,Extracted,0x0
2026-04-17 19:15:37,MemoryScan,V1_BOUNDS_BYPASS,Extracted,0x0
2026-04-17 19:15:37,MemoryScan,DATA,Extracted,0x0
2026-04-17 19:15:37,MemoryScan,V1_BOUNDS_BYPASS,Extracted,0x0
2026-04-17 19:15:37,MemoryScan,DATA,Extracted,0x0
2026-04-17 19:15:37,MemoryScan,V1_BOUNDS_BYPASS,Extracted,0x0
2026-04-17 19:15:37,MemoryScan,DATA,Extracted,0x0
2026-04-17 19:15:37,MemoryScan,V1_BOUNDS_BYPASS,Extracted,0x0
2026-04-17 19:15:38,MemoryScan,DATA,Extracted,0x0
2026-04-17 19:15:38,MemoryScan,V1_BOUNDS_BYPASS,Extracted,0x0
2026-04-17 19:15:38,MemoryScan,DATA,Extracted,0x0
2026-04-17 19:15:38,MemoryScan,V1_BOUNDS_BYPASS,Extracted,0x0
2026-04-17 19:15:38,MemoryScan,DATA,Extracted,0x0
2026-04-17 19:15:38,MemoryScan,V1_BOUNDS_BYPASS,Extracted,0x0
2026-04-17 19:15:38,MemoryScan,DATA,Extracted,0x0
2026-04-17 19:15:38,MemoryScan,V1_BOUNDS_BYPASS,Extracted,0x0
2026-04-17 19:15:38,MemoryScan,DATA,Extracted,0x0
2026-04-17 19:15:38,MemoryScan,V1_BOUNDS_BYPASS,Extracted,0x0
2026-04-17 19:15:39,MemoryScan,DATA,Extracted,0x0
2026-04-17 19:15:39,MemoryScan,V1_BOUNDS_BYPASS,Extracted,0x0
2026-04-17 19:15:39,MemoryScan,DATA,Extracted,0x0
2026-04-17 19:15:39,MemoryScan,V1_BOUNDS_BYPASS,Extracted,0x0
2026-04-17 19:15:39,MemoryScan,DATA,Extracted,0x0
2026-04-17 19:15:39,MemoryScan,V1_BOUNDS_BYPASS,Extracted,0x0
2026-04-17 19:15:39,MemoryScan,DATA,Extracted,0x0
2026-04-17 19:15:39,MemoryScan,V1_BOUNDS_BYPASS,Extracted,0x0
2026-04-17 19:15:39,MemoryScan,DATA,Extracted,0x0
2026-04-17 19:15:39,MemoryScan,V1_BOUNDS_BYPASS,Extracted,0x0
2026-04-17 19:15:40,MemoryScan,DATA,Extracted,0x0
2026-04-17 19:15:40,MemoryScan,V1_BOUNDS_BYPASS,Extracted,0x0
2026-04-17 19:15:40,MemoryScan,DATA,Extracted,0x0
2026-04-17 19:15:40,MemoryScan,V1_BOUNDS_BYPASS,Extracted,0x0
2026-04-17 19:15:40,MemoryScan,DATA,Extracted,0x0
2026-04-17 19:15:40,MemoryScan,V1_BOUNDS_BYPASS,Extracted,0x0
2026-04-17 19:15:40,MemoryScan,DATA,Extracted,0x0
2026-04-17 19:15:40,MemoryScan,V1_BOUNDS_BYPASS,Extracted,0x0
2026-04-17 19:15:40,MemoryScan,DATA,Extracted,0x0
2026-04-17 19:15:40,MemoryScan,V1_BOUNDS_BYPASS,Extracted,0x0
2026-04-17 19:15:41,MemoryScan,DATA,Extracted,0x0
2026-04-17 19:15:41,MemoryScan,V1_BOUNDS_BYPASS,Extracted,0x0
2026-04-17 19:15:41,MemoryScan,DATA,Extracted,0x0
2026-04-17 19:15:41,MemoryScan,V1_BOUNDS_BYPASS,Extracted,0x0
2026-04-17 19:15:41,MemoryScan,DATA,Extracted,0x0
2026-04-17 19:15:41,MemoryScan,V1_BOUNDS_BYPASS,Extracted,0x0
2026-04-17 19:15:41,MemoryScan,DATA,Extracted,0x0
2026-04-17 19:15:41,MemoryScan,V1_BOUNDS_BYPASS,Extracted,0x0
2026-04-17 19:15:51,MemoryScan,DATA,Extracted,0x0
2026-04-17 19:15:51,MemoryScan,V1_BOUNDS_BYPASS,Extracted,0x0
2026-04-17 19:15:51,MemoryScan,DATA,Extracted,0x0
2026-04-17 19:15:51,MemoryScan,V1_BOUNDS_BYPASS,Extracted,0x0
2026-04-17 19:15:51,MemoryScan,DATA,Extracted,0x0
2026-04-17 19:15:51,MemoryScan,V1_BOUNDS_BYPASS,Extracted,0x0
2026-04-17 19:15:52,MemoryScan,DATA,Extracted,0x0
2026-04-17 19:15:52,MemoryScan,V1_BOUNDS_BYPASS,Extracted,0x0
2026-04-17 19:15:52,MemoryScan,DATA,Extracted,0x0
2026-04-17 19:15:52,MemoryScan,V1_BOUNDS_BYPASS,Extracted,0x0
2026-04-17 19:15:52,MemoryScan,DATA,Extracted,0x0
2026-04-17 19:15:52,MemoryScan,V1_BOUNDS_BYPASS,Extracted,0x0
2026-04-17 19:15:52,MemoryScan,DATA,Extracted,0x0
2026-04-17 19:15:52,MemoryScan,V1_BOUNDS_BYPASS,Extracted,0x0
2026-04-17 19:15:52,MemoryScan,DATA,Extracted,0x0
2026-04-17 19:15:52,MemoryScan,V1_BOUNDS_BYPASS,Extracted,0x0
2026-04-17 19:15:53,MemoryScan,DATA,Extracted,0x0
2026-04-17 19:15:53,MemoryScan,V1_BOUNDS_BYPASS,Extracted,0x0
2026-04-17 19:15:53,MemoryScan,DATA,Extracted,0x0
2026-04-17 19:15:53,MemoryScan,V1_BOUNDS_BYPASS,Extracted,0x0
2026-04-17 19:15:53,MemoryScan,DATA,Extracted,0x0
2026-04-17 19:15:53,MemoryScan,V1_BOUNDS_BYPASS,Extracted,0x0
2026-04-17 19:15:53,MemoryScan,DATA,Extracted,0x0
2026-04-17 19:15:53,MemoryScan,V1_BOUNDS_BYPASS,Extracted,0x0
2026-04-17 19:15:53,MemoryScan,DATA,Extracted,0x0
2026-04-17 19:15:53,MemoryScan,V1_BOUNDS_BYPASS,Extracted,0x0
2026-04-17 19:15:54,MemoryScan,DATA,Extracted,0x0
2026-04-17 19:15:54,MemoryScan,V1_BOUNDS_BYPASS,Extracted,0x0
2026-04-17 19:15:54,MemoryScan,DATA,Extracted,0x0
2026-04-17 19:15:54,MemoryScan,V1_BOUNDS_BYPASS,Extracted,0x0
2026-04-17 19:15:54,MemoryScan,DATA,Extracted,0x0
2026-04-17 19:15:54,MemoryScan,V1_BOUNDS_BYPASS,Extracted,0x0
2026-04-17 19:15:54,MemoryScan,DATA,Extracted,0x0
2026-04-17 19:15:54,MemoryScan,V1_BOUNDS_BYPASS,Extracted,0x0
2026-04-17 19:15:54,MemoryScan,DATA,Extracted,0x0
2026-04-17 19:15:54,MemoryScan,V1_BOUNDS_BYPASS,Extracted,0x0
2026-04-17 19:15:55,MemoryScan,DATA,Extracted,0x0
2026-04-17 19:15:55,MemoryScan,V1_BOUNDS_BYPASS,Extracted,0x0
2026-04-17 19:15:55,MemoryScan,DATA,Extracted,0x0
2026-04-17 19:15:55,MemoryScan,V1_BOUNDS_BYPASS,Extracted,0x0
2026-04-17 19:15:55,MemoryScan,DATA,Extracted,0x0
2026-04-17 19:15:55,MemoryScan,V1_BOUNDS_BYPASS,Extracted,0x0
2026-04-17 19:15:55,MemoryScan,DATA,Extracted,0x0
2026-04-17 19:15:55,MemoryScan,V1_BOUNDS_BYPASS,Extracted,0x0
2026-04-17 19:15:55,MemoryScan,DATA,Extracted,0x0
2026-04-17 19:15:55,MemoryScan,V1_BOUNDS_BYPASS,Extracted,0x0
2026-04-17 19:15:56,MemoryScan,DATA,Extracted,0x0
2026-04-17 19:15:56,MemoryScan,V1_BOUNDS_BYPASS,Extracted,0x0
2026-04-17 19:15:56,MemoryScan,DATA,Extracted,0x0
2026-04-17 19:15:56,MemoryScan,V1_BOUNDS_BYPASS,Extracted,0x0
2026-04-17 19:16:13,MemoryScan,DATA,Extracted,0x0
2026-04-17 19:16:13,MemoryScan,V1_BOUNDS_BYPASS,Extracted,0x0
2026-04-17 19:16:33,MemoryScan,DATA,Extracted,0x0
2026-04-17 19:16:33,MemoryScan,V1_BOUNDS_BYPASS,Extracted,0x0
2026-04-17 19:16:33,MemoryScan,DATA,Extracted,0x0
2026-04-17 19:16:33,MemoryScan,V1_BOUNDS_BYPASS,Extracted,0x0
2026-04-17 19:16:33,MemoryScan,DATA,Extracted,0x0
2026-04-17 19:16:33,MemoryScan,V1_BOUNDS_BYPASS,Extracted,0x0
2026-04-17 19:16:33,MemoryScan,DATA,Extracted,0x0
2026-04-17 19:16:33,MemoryScan,V1_BOUNDS_BYPASS,Extracted,0x0
2026-04-17 19:16:33,MemoryScan,DATA,Extracted,0x0
2026-04-17 19:16:33,MemoryScan,V1_BOUNDS_BYPASS,Extracted,0x0
2026-04-17 19:16:34,MemoryScan,DATA,Extracted,0x0
2026-04-17 19:16:34,MemoryScan,V1_BOUNDS_BYPASS,Extracted,0x0
2026-04-17 19:16:34,MemoryScan,DATA,Extracted,0x0
2026-04-17 19:16:34,MemoryScan,V1_BOUNDS_BYPASS,Extracted,0x0
2026-04-17 19:16:34,MemoryScan,DATA,Extracted,0x0
2026-04-17 19:16:34,MemoryScan,V1_BOUNDS_BYPASS,Extracted,0x0
2026-04-17 19:16:34,MemoryScan,DATA,Extracted,0x0
2026-04-17 19:16:34,MemoryScan,V1_BOUNDS_BYPASS,Extracted,0x0
2026-04-17 19:16:35,MemoryScan,DATA,Extracted,0x0
2026-04-17 19:16:35,MemoryScan,V1_BOUNDS_BYPASS,Extracted,0x0
2026-04-17 19:16:35,MemoryScan,DATA,Extracted,0x0
2026-04-17 19:16:35,MemoryScan,V1_BOUNDS_BYPASS,Extracted,0x0
2026-04-17 19:16:35,MemoryScan,DATA,Extracted,0x0
2026-04-17 19:16:35,MemoryScan,V1_BOUNDS_BYPASS,Extracted,0x0
2026-04-17 19:16:35,MemoryScan,DATA,Extracted,0x0
2026-04-17 19:16:35,MemoryScan,V1_BOUNDS_BYPASS,Extracted,0x0
2026-04-17 19:16:35,MemoryScan,DATA,Extracted,0x0
2026-04-17 19:16:35,MemoryScan,V1_BOUNDS_BYPASS,Extracted,0x0
2026-04-17 19:16:35,MemoryScan,DATA,Extracted,0x0
2026-04-17 19:16:35,MemoryScan,V1_BOUNDS_BYPASS,Extracted,0x0
2026-04-17 19:16:36,MemoryScan,DATA,Extracted,0x0
2026-04-17 19:16:36,MemoryScan,V1_BOUNDS_BYPASS,Extracted,0x0
2026-04-17 19:16:36,MemoryScan,DATA,Extracted,0x0
2026-04-17 19:16:36,MemoryScan,V1_BOUNDS_BYPASS,Extracted,0x0
2026-04-17 19:16:36,MemoryScan,DATA,Extracted,0x0
2026-04-17 19:16:36,MemoryScan,V1_BOUNDS_BYPASS,Extracted,0x0
2026-04-17 19:16:36,MemoryScan,DATA,Extracted,0x0
2026-04-17 19:16:36,MemoryScan,V1_BOUNDS_BYPASS,Extracted,0x0
2026-04-17 19:16:37,MemoryScan,DATA,Extracted,0x0
2026-04-17 19:16:37,MemoryScan,V1_BOUNDS_BYPASS,Extracted,0x0
2026-04-17 19:16:37,MemoryScan,DATA,Extracted,0x0
2026-04-17 19:16:37,MemoryScan,V1_BOUNDS_BYPASS,Extracted,0x0
2026-04-17 19:16:37,MemoryScan,DATA,Extracted,0x0
2026-04-17 19:16:37,MemoryScan,V1_BOUNDS_BYPASS,Extracted,0x0
2026-04-17 19:16:37,MemoryScan,DATA,Extracted,0x0
2026-04-17 19:16:37,MemoryScan,V1_BOUNDS_BYPASS,Extracted,0x0
2026-04-17 19:16:37,MemoryScan,DATA,Extracted,0x0
2026-04-17 19:16:37,MemoryScan,V1_BOUNDS_BYPASS,Extracted,0x0
2026-04-17 19:16:38,MemoryScan,DATA,Extracted,0x0
2026-04-17 19:16:38,MemoryScan,V1_BOUNDS_BYPASS,Extracted,0x0
2026-04-17 19:16:38,MemoryScan,DATA,Extracted,0x0
2026-04-17 19:16:38,MemoryScan,V1_BOUNDS_BYPASS,Extracted,0x0
2026-04-17 19:16:38,MemoryScan,DATA,Extracted,0x0
2026-04-17 19:16:38,MemoryScan,V1_BOUNDS_BYPASS,Extracted,0x0
2026-04-17 19:16:38,MemoryScan,DATA,Extracted,0x0
2026-04-17 19:16:38,MemoryScan,V1_BOUNDS_BYPASS,Extracted,0x0
2026-04-17 19:16:39,MemoryScan,DATA,Extracted,0x0
2026-04-17 19:16:39,MemoryScan,V1_BOUNDS_BYPASS,Extracted,0x0
2026-04-17 19:16:40,MemoryScan,DATA,Extracted,0x0
2026-04-17 19:16:40,MemoryScan,V1_BOUNDS_BYPASS,Extracted,0x0
2026-04-17 19:16:40,MemoryScan,DATA,Extracted,0x0
2026-04-17 19:16:40,MemoryScan,V1_BOUNDS_BYPASS,Extracted,0x0
2026-04-17 19:16:40,MemoryScan,DATA,Extracted,0x0
2026-04-17 19:16:40,MemoryScan,V1_BOUNDS_BYPASS,Extracted,0x0
2026-04-17 19:16:40,MemoryScan,DATA,Extracted,0x0
2026-04-17 19:16:40,MemoryScan,V1_BOUNDS_BYPASS,Extracted,0x0
2026-04-17 19:16:41,MemoryScan,DATA,Extracted,0x0
2026-04-17 19:16:41,MemoryScan,V1_BOUNDS_BYPASS,Extracted,0x0
2026-04-17 19:16:41,MemoryScan,DATA,Extracted,0x0
2026-04-17 19:16:41,MemoryScan,V1_BOUNDS_BYPASS,Extracted,0x0
2026-04-17 19:16:41,MemoryScan,DATA,Extracted,0x0
2026-04-17 19:16:41,MemoryScan,V1_BOUNDS_BYPASS,Extracted,0x0
2026-04-17 19:16:41,MemoryScan,DATA,Extracted,0x0
2026-04-17 19:16:41,MemoryScan,V1_BOUNDS_BYPASS,Extracted,0x0
2026-04-17 19:16:41,MemoryScan,DATA,Extracted,0x0
2026-04-17 19:16:41,MemoryScan,V1_BOUNDS_BYPASS,Extracted,0x0
2026-04-17 19:16:42,MemoryScan,DATA,Extracted,0x0
2026-04-17 19:16:42,MemoryScan,V1_BOUNDS_BYPASS,Extracted,0x0
2026-04-17 19:16:42,MemoryScan,DATA,Extracted,0x0
2026-04-17 19:16:42,MemoryScan,V1_BOUNDS_BYPASS,Extracted,0x0
2026-04-17 19:16:42,MemoryScan,DATA,Extracted,0x0
2026-04-17 19:16:42,MemoryScan,V1_BOUNDS_BYPASS,Extracted,0x0
2026-04-17 19:16:42,MemoryScan,DATA,Extracted,0x0
2026-04-17 19:16:42,MemoryScan,V1_BOUNDS_BYPASS,Extracted,0x0
2026-04-17 19:16:44,MemoryScan,DATA,Extracted,0x0
2026-04-17 19:16:44,MemoryScan,V1_BOUNDS_BYPASS,Extracted,0x0
2026-04-17 19:16:45,MemoryScan,DATA,Extracted,0x0
2026-04-17 19:16:45,MemoryScan,V1_BOUNDS_BYPASS,Extracted,0x0
2026-04-17 19:16:45,MemoryScan,DATA,Extracted,0x0
2026-04-17 19:16:45,MemoryScan,V1_BOUNDS_BYPASS,Extracted,0x0
2026-04-17 19:16:46,MemoryScan,DATA,Extracted,0x0
2026-04-17 19:16:46,MemoryScan,V1_BOUNDS_BYPASS,Extracted,0x0
2026-04-17 19:16:46,MemoryScan,DATA,Extracted,0x0
2026-04-17 19:16:46,MemoryScan,V1_BOUNDS_BYPASS,Extracted,0x0
2026-04-17 19:16:46,MemoryScan,DATA,Extracted,0x0
2026-04-17 19:16:46,MemoryScan,V1_BOUNDS_BYPASS,Extracted,0x0
2026-04-17 19:16:46,MemoryScan,DATA,Extracted,0x0
2026-04-17 19:16:46,MemoryScan,V1_BOUNDS_BYPASS,Extracted,0x0
2026-04-17 19:16:47,MemoryScan,DATA,Extracted,0x0
2026-04-17 19:16:47,MemoryScan,V1_BOUNDS_BYPASS,Extracted,0x0
2026-04-17 19:16:47,MemoryScan,DATA,Extracted,0x0
2026-04-17 19:16:47,MemoryScan,V1_BOUNDS_BYPASS,Extracted,0x0
2026-04-17 19:16:47,MemoryScan,DATA,Extracted,0x0
2026-04-17 19:16:47,MemoryScan,V1_BOUNDS_BYPASS,Extracted,0x0
2026-04-17 19:16:47,MemoryScan,DATA,Extracted,0x0
2026-04-17 19:16:47,MemoryScan,V1_BOUNDS_BYPASS,Extracted,0x0
2026-04-17 19:16:47,MemoryScan,DATA,Extracted,0x0
2026-04-17 19:16:47,MemoryScan,V1_BOUNDS_BYPASS,Extracted,0x0
2026-04-17 19:16:47,MemoryScan,DATA,Extracted,0x0
2026-04-17 19:16:47,MemoryScan,V1_BOUNDS_BYPASS,Extracted,0x0
2026-04-17 19:16:48,MemoryScan,DATA,Extracted,0x0
2026-04-17 19:16:48,MemoryScan,V1_BOUNDS_BYPASS,Extracted,0x0
2026-04-17 19:16:48,MemoryScan,DATA,Extracted,0x0
2026-04-17 19:16:48,MemoryScan,V1_BOUNDS_BYPASS,Extracted,0x0
2026-04-17 19:16:48,MemoryScan,DATA,Extracted,0x0
2026-04-17 19:16:48,MemoryScan,V1_BOUNDS_BYPASS,Extracted,0x0
2026-04-17 19:16:48,MemoryScan,DATA,Extracted,0x0
2026-04-17 19:16:48,MemoryScan,V1_BOUNDS_BYPASS,Extracted,0x0
2026-04-17 19:16:49,MemoryScan,DATA,Extracted,0x0
2026-04-17 19:16:49,MemoryScan,V1_BOUNDS_BYPASS,Extracted,0x0
2026-04-17 19:16:49,MemoryScan,DATA,Extracted,0x0
2026-04-17 19:16:49,MemoryScan,V1_BOUNDS_BYPASS,Extracted,0x0
2026-04-17 19:16:49,MemoryScan,DATA,Extracted,0x0
2026-04-17 19:16:49,MemoryScan,V1_BOUNDS_BYPASS,Extracted,0x0
2026-04-17 19:16:49,MemoryScan,DATA,Extracted,0x0
2026-04-17 19:16:49,MemoryScan,V1_BOUNDS_BYPASS,Extracted,0x0
2026-04-17 19:16:49,MemoryScan,DATA,Extracted,0x0
2026-04-17 19:16:49,MemoryScan,V1_BOUNDS_BYPASS,Extracted,0x0
2026-04-17 19:16:50,MemoryScan,DATA,Extracted,0x0
2026-04-17 19:16:50,MemoryScan,V1_BOUNDS_BYPASS,Extracted,0x0
2026-04-17 19:16:50,MemoryScan,DATA,Extracted,0x0
2026-04-17 19:16:50,MemoryScan,V1_BOUNDS_BYPASS,Extracted,0x0
2026-04-17 19:16:50,MemoryScan,DATA,Extracted,0x0
2026-04-17 19:16:50,MemoryScan,V1_BOUNDS_BYPASS,Extracted,0x0
2026-04-17 19:16:50,MemoryScan,DATA,Extracted,0x0
2026-04-17 19:16:50,MemoryScan,V1_BOUNDS_BYPASS,Extracted,0x0
2026-04-17 19:16:50,MemoryScan,DATA,Extracted,0x0
2026-04-17 19:16:50,MemoryScan,V1_BOUNDS_BYPASS,Extracted,0x0
2026-04-17 19:16:51,MemoryScan,DATA,Extracted,0x0
2026-04-17 19:16:51,MemoryScan,V1_BOUNDS_BYPASS,Extracted,0x0
2026-04-17 19:16:51,MemoryScan,DATA,Extracted,0x0
2026-04-17 19:16:51,MemoryScan,V1_BOUNDS_BYPASS,Extracted,0x0
2026-04-17 19:16:51,MemoryScan,DATA,Extracted,0x0
2026-04-17 19:16:51,MemoryScan,V1_BOUNDS_BYPASS,Extracted,0x0
2026-04-17 19:16:53,MemoryScan,DATA,Extracted,0x0
2026-04-17 19:16:53,MemoryScan,V1_BOUNDS_BYPASS,Extracted,0x0
2026-04-17 19:16:54,MemoryScan,DATA,Extracted,0x0
2026-04-17 19:16:54,MemoryScan,V1_BOUNDS_BYPASS,Extracted,0x0
2026-04-17 19:18:06,MemoryScan,DATA,Extracted,0x0
2026-04-17 19:18:06,MemoryScan,V1_BOUNDS_BYPASS,Extracted,0x0
2026-04-17 19:21:54,MemoryScan,DATA,Extracted,0x0
2026-04-17 19:21:54,MemoryScan,V1_BOUNDS_BYPASS,Extracted,0x0
2026-04-17 19:22:14,MemoryScan,DATA,Extracted,0x0
2026-04-17 19:22:14,MemoryScan,V1_BOUNDS_BYPASS,Extracted,0x0
2026-04-17 19:22:15,MemoryScan,DATA,Extracted,0x0
2026-04-17 19:22:15,MemoryScan,V1_BOUNDS_BYPASS,Extracted,0x0
2026-04-17 19:22:16,MemoryScan,DATA,Extracted,0x0
2026-04-17 19:22:16,MemoryScan,V1_BOUNDS_BYPASS,Extracted,0x0
2026-04-17 19:22:16,MemoryScan,DATA,Extracted,0x0
2026-04-17 19:22:16,MemoryScan,V1_BOUNDS_BYPASS,Extracted,0x0
2026-04-17 19:22:16,MemoryScan,DATA,Extracted,0x0
2026-04-17 19:22:16,MemoryScan,V1_BOUNDS_BYPASS,Extracted,0x0
2026-04-17 19:22:16,MemoryScan,DATA,Extracted,0x0
2026-04-17 19:22:16,MemoryScan,V1_BOUNDS_BYPASS,Extracted,0x0
2026-04-17 19:22:16,MemoryScan,DATA,Extracted,0x0
2026-04-17 19:22:16,MemoryScan,V1_BOUNDS_BYPASS,Extracted,0x0
2026-04-17 19:22:17,MemoryScan,DATA,Extracted,0x0
2026-04-17 19:22:17,MemoryScan,V1_BOUNDS_BYPASS,Extracted,0x0
2026-04-17 19:22:17,MemoryScan,DATA,Extracted,0x0
2026-04-17 19:22:17,MemoryScan,V1_BOUNDS_BYPASS,Extracted,0x0
2026-04-17 19:22:17,MemoryScan,DATA,Extracted,0x0
2026-04-17 19:22:17,MemoryScan,V1_BOUNDS_BYPASS,Extracted,0x0
2026-04-17 19:22:17,MemoryScan,DATA,Extracted,0x0
2026-04-17 19:22:17,MemoryScan,V1_BOUNDS_BYPASS,Extracted,0x0
2026-04-17 19:22:17,MemoryScan,DATA,Extracted,0x0
2026-04-17 19:22:17,MemoryScan,V1_BOUNDS_BYPASS,Extracted,0x0
2026-04-17 19:22:18,MemoryScan,DATA,Extracted,0x0
2026-04-17 19:22:18,MemoryScan,V1_BOUNDS_BYPASS,Extracted,0x0
2026-04-17 19:22:18,MemoryScan,DATA,Extracted,0x0
2026-04-17 19:22:18,MemoryScan,V1_BOUNDS_BYPASS,Extracted,0x0
2026-04-17 19:22:18,MemoryScan,DATA,Extracted,0x0
2026-04-17 19:22:18,MemoryScan,V1_BOUNDS_BYPASS,Extracted,0x0
2026-04-17 19:22:19,MemoryScan,DATA,Extracted,0x0
2026-04-17 19:22:19,MemoryScan,V1_BOUNDS_BYPASS,Extracted,0x0
2026-04-17 19:22:19,MemoryScan,DATA,Extracted,0x0
2026-04-17 19:22:19,MemoryScan,V1_BOUNDS_BYPASS,Extracted,0x0
2026-04-17 19:22:20,MemoryScan,DATA,Extracted,0x0
2026-04-17 19:22:20,MemoryScan,V1_BOUNDS_BYPASS,Extracted,0x0
2026-04-17 19:22:23,MemoryScan,DATA,Extracted,0x0
2026-04-17 19:22:23,MemoryScan,V1_BOUNDS_BYPASS,Extracted,0x0
2026-04-17 19:22:32,MemoryScan,DATA,Extracted,0x0
2026-04-17 19:22:32,MemoryScan,V1_BOUNDS_BYPASS,Extracted,0x0
2026-04-17 19:22:35,MemoryScan,DATA,Extracted,0x0
2026-04-17 19:22:35,MemoryScan,V1_BOUNDS_BYPASS,Extracted,0x0
2026-04-17 19:22:36,MemoryScan,DATA,Extracted,0x0
2026-04-17 19:22:36,MemoryScan,V1_BOUNDS_BYPASS,Extracted,0x0
2026-04-17 19:22:36,MemoryScan,DATA,Extracted,0x0
2026-04-17 19:22:36,MemoryScan,V1_BOUNDS_BYPASS,Extracted,0x0
2026-04-17 19:22:36,MemoryScan,DATA,Extracted,0x0
2026-04-17 19:22:36,MemoryScan,V1_BOUNDS_BYPASS,Extracted,0x0
2026-04-17 19:22:36,MemoryScan,DATA,Extracted,0x0
2026-04-17 19:22:36,MemoryScan,V1_BOUNDS_BYPASS,Extracted,0x0
2026-04-17 19:22:36,MemoryScan,DATA,Extracted,0x0
2026-04-17 19:22:36,MemoryScan,V1_BOUNDS_BYPASS,Extracted,0x0
2026-04-17 19:22:37,MemoryScan,DATA,Extracted,0x0
2026-04-17 19:22:37,MemoryScan,V1_BOUNDS_BYPASS,Extracted,0x0
2026-04-17 19:22:37,MemoryScan,DATA,Extracted,0x0
2026-04-17 19:22:37,MemoryScan,V1_BOUNDS_BYPASS,Extracted,0x0
2026-04-17 19:22:37,MemoryScan,DATA,Extracted,0x0
2026-04-17 19:22:37,MemoryScan,V1_BOUNDS_BYPASS,Extracted,0x0
2026-04-17 19:22:37,MemoryScan,DATA,Extracted,0x0
2026-04-17 19:22:37,MemoryScan,V1_BOUNDS_BYPASS,Extracted,0x0
2026-04-17 19:22:37,MemoryScan,DATA,Extracted,0x0
2026-04-17 19:22:37,MemoryScan,V1_BOUNDS_BYPASS,Extracted,0x0
2026-04-17 19:22:38,MemoryScan,DATA,Extracted,0x0
2026-04-17 19:22:38,MemoryScan,V1_BOUNDS_BYPASS,Extracted,0x0
2026-04-17 19:22:38,MemoryScan,DATA,Extracted,0x0
2026-04-17 19:22:38,MemoryScan,V1_BOUNDS_BYPASS,Extracted,0x0
2026-04-17 19:22:38,MemoryScan,DATA,Extracted,0x0
2026-04-17 19:22:38,MemoryScan,V1_BOUNDS_BYPASS,Extracted,0x0
2026-04-17 19:22:38,MemoryScan,DATA,Extracted,0x0
2026-04-17 19:22:38,MemoryScan,V1_BOUNDS_BYPASS,Extracted,0x0
2026-04-17 19:22:38,MemoryScan,DATA,Extracted,0x0
2026-04-17 19:22:38,MemoryScan,V1_BOUNDS_BYPASS,Extracted,0x0
2026-04-17 19:45:59,MemoryScan,DATA,Extracted,0x0
2026-04-17 19:45:59,MemoryScan,V1_BOUNDS_BYPASS,Extracted,0x0
2026-04-17 19:46:01,MemoryScan,DATA,Extracted,0x0
2026-04-17 19:46:01,MemoryScan,V1_BOUNDS_BYPASS,Extracted,0x0
2026-04-17 19:46:02,MemoryScan,DATA,Extracted,0x0
2026-04-17 19:46:02,MemoryScan,V1_BOUNDS_BYPASS,Extracted,0x0
2026-04-17 19:46:03,MemoryScan,DATA,Extracted,0x0
2026-04-17 19:46:03,MemoryScan,V1_BOUNDS_BYPASS,Extracted,0x0
2026-04-17 19:46:04,MemoryScan,DATA,Extracted,0x0
2026-04-17 19:46:04,MemoryScan,V1_BOUNDS_BYPASS,Extracted,0x0
2026-04-17 19:46:04,MemoryScan,DATA,Extracted,0x0
2026-04-17 19:46:04,MemoryScan,V1_BOUNDS_BYPASS,Extracted,0x0
2026-04-17 19:46:04,MemoryScan,DATA,Extracted,0x0
2026-04-17 19:46:04,MemoryScan,V1_BOUNDS_BYPASS,Extracted,0x0
2026-04-17 19:46:04,MemoryScan,DATA,Extracted,0x0
2026-04-17 19:46:04,MemoryScan,V1_BOUNDS_BYPASS,Extracted,0x0
2026-04-17 19:46:05,MemoryScan,DATA,Extracted,0x0
2026-04-17 19:46:05,MemoryScan,V1_BOUNDS_BYPASS,Extracted,0x0
2026-04-17 19:46:05,MemoryScan,DATA,Extracted,0x0
2026-04-17 19:46:05,MemoryScan,V1_BOUNDS_BYPASS,Extracted,0x0
2026-04-17 19:46:05,MemoryScan,DATA,Extracted,0x0
2026-04-17 19:46:05,MemoryScan,V1_BOUNDS_BYPASS,Extracted,0x0
2026-04-17 19:46:05,MemoryScan,DATA,Extracted,0x0
2026-04-17 19:46:05,MemoryScan,V1_BOUNDS_BYPASS,Extracted,0x0
2026-04-17 19:46:05,MemoryScan,DATA,Extracted,0x0
2026-04-17 19:46:05,MemoryScan,V1_BOUNDS_BYPASS,Extracted,0x0
2026-04-17 19:46:05,MemoryScan,DATA,Extracted,0x0
2026-04-17 19:46:05,MemoryScan,V1_BOUNDS_BYPASS,Extracted,0x0
2026-04-17 19:46:06,MemoryScan,DATA,Extracted,0x0
2026-04-17 19:46:06,MemoryScan,V1_BOUNDS_BYPASS,Extracted,0x0
2026-04-17 19:46:06,MemoryScan,DATA,Extracted,0x0
2026-04-17 19:46:06,MemoryScan,V1_BOUNDS_BYPASS,Extracted,0x0
2026-04-17 19:46:06,MemoryScan,DATA,Extracted,0x0
2026-04-17 19:46:06,MemoryScan,V1_BOUNDS_BYPASS,Extracted,0x0
2026-04-17 19:46:06,MemoryScan,DATA,Extracted,0x0
2026-04-17 19:46:06,MemoryScan,V1_BOUNDS_BYPASS,Extracted,0x0
2026-04-17 19:46:06,MemoryScan,DATA,Extracted,0x0
2026-04-17 19:46:06,MemoryScan,V1_BOUNDS_BYPASS,Extracted,0x0
2026-04-17 19:46:06,MemoryScan,DATA,Extracted,0x0
2026-04-17 19:46:06,MemoryScan,V1_BOUNDS_BYPASS,Extracted,0x0
2026-04-17 19:46:07,MemoryScan,DATA,Extracted,0x0
2026-04-17 19:46:07,MemoryScan,V1_BOUNDS_BYPASS,Extracted,0x0
2026-04-17 19:46:07,MemoryScan,DATA,Extracted,0x0
2026-04-17 19:46:07,MemoryScan,V1_BOUNDS_BYPASS,Extracted,0x0
2026-04-17 19:46:07,MemoryScan,DATA,Extracted,0x0
2026-04-17 19:46:07,MemoryScan,V1_BOUNDS_BYPASS,Extracted,0x0
2026-04-17 19:46:07,MemoryScan,DATA,Extracted,0x0
2026-04-17 19:46:07,MemoryScan,V1_BOUNDS_BYPASS,Extracted,0x0
2026-04-17 19:46:07,MemoryScan,DATA,Extracted,0x0
2026-04-17 19:46:07,MemoryScan,V1_BOUNDS_BYPASS,Extracted,0x0
2026-04-17 19:46:07,MemoryScan,DATA,Extracted,0x0
2026-04-17 19:46:07,MemoryScan,V1_BOUNDS_BYPASS,Extracted,0x0
2026-04-17 19:46:08,MemoryScan,DATA,Extracted,0x0
2026-04-17 19:46:08,MemoryScan,V1_BOUNDS_BYPASS,Extracted,0x0
2026-04-17 19:46:08,MemoryScan,DATA,Extracted,0x0
2026-04-17 19:46:08,MemoryScan,V1_BOUNDS_BYPASS,Extracted,0x0
2026-04-17 19:46:08,MemoryScan,DATA,Extracted,0x0
2026-04-17 19:46:08,MemoryScan,V1_BOUNDS_BYPASS,Extracted,0x0
2026-04-17 19:46:08,MemoryScan,DATA,Extracted,0x0
2026-04-17 19:46:08,MemoryScan,V1_BOUNDS_BYPASS,Extracted,0x0
2026-04-17 19:46:08,MemoryScan,DATA,Extracted,0x0
2026-04-17 19:46:08,MemoryScan,V1_BOUNDS_BYPASS,Extracted,0x0
2026-04-17 19:46:08,MemoryScan,DATA,Extracted,0x0
2026-04-17 19:46:08,MemoryScan,V1_BOUNDS_BYPASS,Extracted,0x0
2026-04-17 19:46:09,MemoryScan,DATA,Extracted,0x0
2026-04-17 19:46:09,MemoryScan,V1_BOUNDS_BYPASS,Extracted,0x0
2026-04-17 19:46:09,MemoryScan,DATA,Extracted,0x0
2026-04-17 19:46:09,MemoryScan,V1_BOUNDS_BYPASS,Extracted,0x0
2026-04-17 19:46:09,MemoryScan,DATA,Extracted,0x0
2026-04-17 19:46:09,MemoryScan,V1_BOUNDS_BYPASS,Extracted,0x0
2026-04-17 19:46:09,MemoryScan,DATA,Extracted,0x0
2026-04-17 19:46:09,MemoryScan,V1_BOUNDS_BYPASS,Extracted,0x0
2026-04-17 19:46:09,MemoryScan,DATA,Extracted,0x0
2026-04-17 19:46:09,MemoryScan,V1_BOUNDS_BYPASS,Extracted,0x0
2026-04-17 19:46:10,MemoryScan,DATA,Extracted,0x0
2026-04-17 19:46:10,MemoryScan,V1_BOUNDS_BYPASS,Extracted,0x0
2026-04-17 19:46:10,MemoryScan,DATA,Extracted,0x0
2026-04-17 19:46:10,MemoryScan,V1_BOUNDS_BYPASS,Extracted,0x0
2026-04-17 19:46:10,MemoryScan,DATA,Extracted,0x0
2026-04-17 19:46:10,MemoryScan,V1_BOUNDS_BYPASS,Extracted,0x0
2026-04-17 19:46:10,MemoryScan,DATA,Extracted,0x0
2026-04-17 19:46:10,MemoryScan,V1_BOUNDS_BYPASS,Extracted,0x0
2026-04-17 19:46:10,MemoryScan,DATA,Extracted,0x0
2026-04-17 19:46:10,MemoryScan,V1_BOUNDS_BYPASS,Extracted,0x0
2026-04-17 19:46:10,MemoryScan,DATA,Extracted,0x0
2026-04-17 19:46:10,MemoryScan,V1_BOUNDS_BYPASS,Extracted,0x0
2026-04-17 19:46:11,MemoryScan,DATA,Extracted,0x0
2026-04-17 19:46:11,MemoryScan,V1_BOUNDS_BYPASS,Extracted,0x0
2026-04-17 19:46:11,MemoryScan,DATA,Extracted,0x0
2026-04-17 19:46:11,MemoryScan,V1_BOUNDS_BYPASS,Extracted,0x0
2026-04-17 19:46:11,MemoryScan,DATA,Extracted,0x0
2026-04-17 19:46:11,MemoryScan,V1_BOUNDS_BYPASS,Extracted,0x0
2026-04-17 19:46:11,MemoryScan,DATA,Extracted,0x0
2026-04-17 19:46:11,MemoryScan,V1_BOUNDS_BYPASS,Extracted,0x0
2026-04-17 19:46:11,MemoryScan,DATA,Extracted,0x0
2026-04-17 19:46:11,MemoryScan,V1_BOUNDS_BYPASS,Extracted,0x0
2026-04-17 19:46:12,MemoryScan,DATA,Extracted,0x0
2026-04-17 19:46:12,MemoryScan,V1_BOUNDS_BYPASS,Extracted,0x0
2026-04-17 19:46:12,MemoryScan,DATA,Extracted,0x0
2026-04-17 19:46:12,MemoryScan,V1_BOUNDS_BYPASS,Extracted,0x0
2026-04-17 19:46:12,MemoryScan,DATA,Extracted,0x0
2026-04-17 19:46:12,MemoryScan,V1_BOUNDS_BYPASS,Extracted,0x0
2026-04-17 19:46:12,MemoryScan,DATA,Extracted,0x0
2026-04-17 19:46:12,MemoryScan,V1_BOUNDS_BYPASS,Extracted,0x0
2026-04-17 19:46:12,MemoryScan,DATA,Extracted,0x0
2026-04-17 19:46:12,MemoryScan,V1_BOUNDS_BYPASS,Extracted,0x0
2026-04-17 19:46:12,MemoryScan,DATA,Extracted,0x0
2026-04-17 19:46:12,MemoryScan,V1_BOUNDS_BYPASS,Extracted,0x0
2026-04-17 19:46:13,MemoryScan,DATA,Extracted,0x0
2026-04-17 19:46:13,MemoryScan,V1_BOUNDS_BYPASS,Extracted,0x0
2026-04-17 19:46:13,MemoryScan,DATA,Extracted,0x0
2026-04-17 19:46:13,MemoryScan,V1_BOUNDS_BYPASS,Extracted,0x0
2026-04-17 19:46:34,MemoryScan,DATA,Extracted,0x0
2026-04-17 19:46:34,MemoryScan,V1_BOUNDS_BYPASS,Extracted,0x0
2026-04-17 19:46:35,MemoryScan,DATA,Extracted,0x0
2026-04-17 19:46:35,MemoryScan,V1_BOUNDS_BYPASS,Extracted,0x0
2026-04-17 19:46:35,MemoryScan,DATA,Extracted,0x0
2026-04-17 19:46:35,MemoryScan,V1_BOUNDS_BYPASS,Extracted,0x0
2026-04-17 19:46:36,MemoryScan,DATA,Extracted,0x0
2026-04-17 19:46:36,MemoryScan,V1_BOUNDS_BYPASS,Extracted,0x0
2026-04-17 19:46:36,MemoryScan,DATA,Extracted,0x0
2026-04-17 19:46:36,MemoryScan,V1_BOUNDS_BYPASS,Extracted,0x0
2026-04-17 19:46:36,MemoryScan,DATA,Extracted,0x0
2026-04-17 19:46:36,MemoryScan,V1_BOUNDS_BYPASS,Extracted,0x0
2026-04-17 19:46:36,MemoryScan,DATA,Extracted,0x0
2026-04-17 19:46:36,MemoryScan,V1_BOUNDS_BYPASS,Extracted,0x0
2026-04-17 19:46:36,MemoryScan,DATA,Extracted,0x0
2026-04-17 19:46:36,MemoryScan,V1_BOUNDS_BYPASS,Extracted,0x0
2026-04-17 19:46:36,MemoryScan,DATA,Extracted,0x0
2026-04-17 19:46:36,MemoryScan,V1_BOUNDS_BYPASS,Extracted,0x0
2026-04-17 19:46:37,MemoryScan,DATA,Extracted,0x0
2026-04-17 19:46:37,MemoryScan,V1_BOUNDS_BYPASS,Extracted,0x0
2026-04-17 19:46:37,MemoryScan,DATA,Extracted,0x0
2026-04-17 19:46:37,MemoryScan,V1_BOUNDS_BYPASS,Extracted,0x0
2026-04-17 19:46:37,MemoryScan,DATA,Extracted,0x0
2026-04-17 19:46:37,MemoryScan,V1_BOUNDS_BYPASS,Extracted,0x0
2026-04-17 19:46:37,MemoryScan,DATA,Extracted,0x0
2026-04-17 19:46:37,MemoryScan,V1_BOUNDS_BYPASS,Extracted,0x0
2026-04-17 19:46:38,MemoryScan,DATA,Extracted,0x0
2026-04-17 19:46:38,MemoryScan,V1_BOUNDS_BYPASS,Extracted,0x0
2026-04-17 19:46:38,MemoryScan,DATA,Extracted,0x0
2026-04-17 19:46:38,MemoryScan,V1_BOUNDS_BYPASS,Extracted,0x0
2026-04-17 19:46:38,MemoryScan,DATA,Extracted,0x0
2026-04-17 19:46:38,MemoryScan,V1_BOUNDS_BYPASS,Extracted,0x0
2026-04-17 19:46:38,MemoryScan,DATA,Extracted,0x0
2026-04-17 19:46:38,MemoryScan,V1_BOUNDS_BYPASS,Extracted,0x0
2026-04-17 19:46:39,MemoryScan,DATA,Extracted,0x0
2026-04-17 19:46:39,MemoryScan,V1_BOUNDS_BYPASS,Extracted,0x0
2026-04-17 19:46:39,MemoryScan,DATA,Extracted,0x0
2026-04-17 19:46:39,MemoryScan,V1_BOUNDS_BYPASS,Extracted,0x0
2026-04-17 19:46:39,MemoryScan,DATA,Extracted,0x0
2026-04-17 19:46:39,MemoryScan,V1_BOUNDS_BYPASS,Extracted,0x0
2026-04-17 19:46:39,MemoryScan,DATA,Extracted,0x0
2026-04-17 19:46:39,MemoryScan,V1_BOUNDS_BYPASS,Extracted,0x0
2026-04-17 19:46:39,MemoryScan,DATA,Extracted,0x0
2026-04-17 19:46:39,MemoryScan,V1_BOUNDS_BYPASS,Extracted,0x0
2026-04-17 19:46:39,MemoryScan,DATA,Extracted,0x0
2026-04-17 19:46:39,MemoryScan,V1_BOUNDS_BYPASS,Extracted,0x0
2026-04-17 19:46:40,MemoryScan,DATA,Extracted,0x0
2026-04-17 19:46:40,MemoryScan,V1_BOUNDS_BYPASS,Extracted,0x0
2026-04-17 19:46:40,MemoryScan,DATA,Extracted,0x0
2026-04-17 19:46:40,MemoryScan,V1_BOUNDS_BYPASS,Extracted,0x0
2026-04-17 19:46:40,MemoryScan,DATA,Extracted,0x0
2026-04-17 19:46:40,MemoryScan,V1_BOUNDS_BYPASS,Extracted,0x0
2026-04-17 19:46:40,MemoryScan,DATA,Extracted,0x0
2026-04-17 19:46:40,MemoryScan,V1_BOUNDS_BYPASS,Extracted,0x0
2026-04-17 19:46:40,MemoryScan,DATA,Extracted,0x0
2026-04-17 19:46:40,MemoryScan,V1_BOUNDS_BYPASS,Extracted,0x0
2026-04-17 19:46:41,MemoryScan,DATA,Extracted,0x0
2026-04-17 19:46:41,MemoryScan,V1_BOUNDS_BYPASS,Extracted,0x0
2026-04-17 19:46:41,MemoryScan,DATA,Extracted,0x0
2026-04-17 19:46:41,MemoryScan,V1_BOUNDS_BYPASS,Extracted,0x0
2026-04-17 19:46:41,MemoryScan,DATA,Extracted,0x0
2026-04-17 19:46:41,MemoryScan,V1_BOUNDS_BYPASS,Extracted,0x0
2026-04-17 19:46:41,MemoryScan,DATA,Extracted,0x0
2026-04-17 19:46:41,MemoryScan,V1_BOUNDS_BYPASS,Extracted,0x0
2026-04-17 19:46:41,MemoryScan,DATA,Extracted,0x0
2026-04-17 19:46:41,MemoryScan,V1_BOUNDS_BYPASS,Extracted,0x0
2026-04-17 19:46:41,MemoryScan,DATA,Extracted,0x0
2026-04-17 19:46:42,MemoryScan,V1_BOUNDS_BYPASS,Extracted,0x0
2026-04-17 19:46:42,MemoryScan,DATA,Extracted,0x0
2026-04-17 19:46:42,MemoryScan,V1_BOUNDS_BYPASS,Extracted,0x0
2026-04-17 19:46:43,MemoryScan,DATA,Extracted,0x0
2026-04-17 19:46:43,MemoryScan,V1_BOUNDS_BYPASS,Extracted,0x0
2026-04-17 19:46:43,MemoryScan,DATA,Extracted,0x0
2026-04-17 19:46:43,MemoryScan,V1_BOUNDS_BYPASS,Extracted,0x0
2026-04-17 19:46:44,MemoryScan,DATA,Extracted,0x0
2026-04-17 19:46:44,MemoryScan,V1_BOUNDS_BYPASS,Extracted,0x0
2026-04-17 19:46:44,MemoryScan,DATA,Extracted,0x0
2026-04-17 19:46:44,MemoryScan,V1_BOUNDS_BYPASS,Extracted,0x0
2026-04-17 19:46:44,MemoryScan,DATA,Extracted,0x0
2026-04-17 19:46:44,MemoryScan,V1_BOUNDS_BYPASS,Extracted,0x0
2026-04-17 19:46:44,MemoryScan,DATA,Extracted,0x0
2026-04-17 19:46:44,MemoryScan,V1_BOUNDS_BYPASS,Extracted,0x0
2026-04-17 19:46:44,MemoryScan,DATA,Extracted,0x0
2026-04-17 19:46:44,MemoryScan,V1_BOUNDS_BYPASS,Extracted,0x0
2026-04-17 19:46:55,Variant1,DATA,Registry_Injected,N/A
2026-04-17 19:46:56,Variant1,DATA,Registry_Injected,N/A
2026-04-17 19:47:19,MemoryScan,DATA,Extracted,0x0
2026-04-17 19:47:19,MemoryScan,V1_BOUNDS_BYPASS,Extracted,0x0
2026-04-17 19:47:20,MemoryScan,DATA,Extracted,0x0
2026-04-17 19:47:20,MemoryScan,V1_BOUNDS_BYPASS,Extracted,0x0
2026-04-17 19:47:20,MemoryScan,DATA,Extracted,0x0
2026-04-17 19:47:20,MemoryScan,V1_BOUNDS_BYPASS,Extracted,0x0
2026-04-17 19:47:20,MemoryScan,DATA,Extracted,0x0
2026-04-17 19:47:20,MemoryScan,V1_BOUNDS_BYPASS,Extracted,0x0
2026-04-17 19:47:21,MemoryScan,DATA,Extracted,0x0
2026-04-17 19:47:21,MemoryScan,V1_BOUNDS_BYPASS,Extracted,0x0
2026-04-17 19:47:21,MemoryScan,DATA,Extracted,0x0
2026-04-17 19:47:21,MemoryScan,V1_BOUNDS_BYPASS,Extracted,0x0
2026-04-17 19:47:21,MemoryScan,DATA,Extracted,0x0
2026-04-17 19:47:21,MemoryScan,V1_BOUNDS_BYPASS,Extracted,0x0
2026-04-17 19:47:21,MemoryScan,DATA,Extracted,0x0
2026-04-17 19:47:21,MemoryScan,V1_BOUNDS_BYPASS,Extracted,0x0
2026-04-17 19:47:21,MemoryScan,DATA,Extracted,0x0
2026-04-17 19:47:21,MemoryScan,V1_BOUNDS_BYPASS,Extracted,0x0
2026-04-17 19:47:21,MemoryScan,DATA,Extracted,0x0
2026-04-17 19:47:21,MemoryScan,V1_BOUNDS_BYPASS,Extracted,0x0
2026-04-17 19:47:22,MemoryScan,DATA,Extracted,0x0
2026-04-17 19:47:22,MemoryScan,V1_BOUNDS_BYPASS,Extracted,0x0
2026-04-17 19:47:22,MemoryScan,DATA,Extracted,0x0
2026-04-17 19:47:22,MemoryScan,V1_BOUNDS_BYPASS,Extracted,0x0
2026-04-17 19:47:22,MemoryScan,DATA,Extracted,0x0
2026-04-17 19:47:22,MemoryScan,V1_BOUNDS_BYPASS,Extracted,0x0
2026-04-17 19:47:22,MemoryScan,DATA,Extracted,0x0
2026-04-17 19:47:22,MemoryScan,V1_BOUNDS_BYPASS,Extracted,0x0
2026-04-17 19:47:22,MemoryScan,DATA,Extracted,0x0
2026-04-17 19:47:22,MemoryScan,V1_BOUNDS_BYPASS,Extracted,0x0
2026-04-17 19:47:23,MemoryScan,DATA,Extracted,0x0
2026-04-17 19:47:23,MemoryScan,V1_BOUNDS_BYPASS,Extracted,0x0
2026-04-17 19:47:23,MemoryScan,DATA,Extracted,0x0
2026-04-17 19:47:23,MemoryScan,V1_BOUNDS_BYPASS,Extracted,0x0
2026-04-17 19:47:23,MemoryScan,DATA,Extracted,0x0
2026-04-17 19:47:23,MemoryScan,V1_BOUNDS_BYPASS,Extracted,0x0
2026-04-17 19:47:23,MemoryScan,DATA,Extracted,0x0
2026-04-17 19:47:23,MemoryScan,V1_BOUNDS_BYPASS,Extracted,0x0
2026-04-17 19:47:23,MemoryScan,DATA,Extracted,0x0
2026-04-17 19:47:23,MemoryScan,V1_BOUNDS_BYPASS,Extracted,0x0
2026-04-17 19:47:23,MemoryScan,DATA,Extracted,0x0
2026-04-17 19:47:23,MemoryScan,V1_BOUNDS_BYPASS,Extracted,0x0
2026-04-17 19:47:24,MemoryScan,DATA,Extracted,0x0
2026-04-17 19:47:24,MemoryScan,V1_BOUNDS_BYPASS,Extracted,0x0
2026-04-17 19:47:24,MemoryScan,DATA,Extracted,0x0
2026-04-17 19:47:24,MemoryScan,V1_BOUNDS_BYPASS,Extracted,0x0
2026-04-17 19:47:24,MemoryScan,DATA,Extracted,0x0
2026-04-17 19:47:24,MemoryScan,V1_BOUNDS_BYPASS,Extracted,0x0
2026-04-17 19:47:24,MemoryScan,DATA,Extracted,0x0
2026-04-17 19:47:24,MemoryScan,V1_BOUNDS_BYPASS,Extracted,0x0
2026-04-17 19:47:24,MemoryScan,DATA,Extracted,0x0
2026-04-17 19:47:24,MemoryScan,V1_BOUNDS_BYPASS,Extracted,0x0
2026-04-17 19:47:24,MemoryScan,DATA,Extracted,0x0
2026-04-17 19:47:24,MemoryScan,V1_BOUNDS_BYPASS,Extracted,0x0
2026-04-17 19:47:25,MemoryScan,DATA,Extracted,0x0
2026-04-17 19:47:25,MemoryScan,V1_BOUNDS_BYPASS,Extracted,0x0
2026-04-17 19:47:25,MemoryScan,DATA,Extracted,0x0
2026-04-17 19:47:25,MemoryScan,V1_BOUNDS_BYPASS,Extracted,0x0
2026-04-17 19:47:25,MemoryScan,DATA,Extracted,0x0
2026-04-17 19:47:25,MemoryScan,V1_BOUNDS_BYPASS,Extracted,0x0
2026-04-17 19:47:25,MemoryScan,DATA,Extracted,0x0
2026-04-17 19:47:25,MemoryScan,V1_BOUNDS_BYPASS,Extracted,0x0
2026-04-17 19:47:26,MemoryScan,DATA,Extracted,0x0
2026-04-17 19:47:26,MemoryScan,V1_BOUNDS_BYPASS,Extracted,0x0
2026-04-17 19:47:26,MemoryScan,DATA,Extracted,0x0
2026-04-17 19:47:26,MemoryScan,V1_BOUNDS_BYPASS,Extracted,0x0
2026-04-17 19:47:26,MemoryScan,DATA,Extracted,0x0
2026-04-17 19:47:26,MemoryScan,V1_BOUNDS_BYPASS,Extracted,0x0
2026-04-17 19:47:26,MemoryScan,DATA,Extracted,0x0
2026-04-17 19:47:26,MemoryScan,V1_BOUNDS_BYPASS,Extracted,0x0
2026-04-17 19:47:26,MemoryScan,DATA,Extracted,0x0
2026-04-17 19:47:26,MemoryScan,V1_BOUNDS_BYPASS,Extracted,0x0
2026-04-17 19:47:27,MemoryScan,DATA,Extracted,0x0
2026-04-17 19:47:27,MemoryScan,V1_BOUNDS_BYPASS,Extracted,0x0
2026-04-17 19:47:28,MemoryScan,DATA,Extracted,0x0
2026-04-17 19:47:28,MemoryScan,V1_BOUNDS_BYPASS,Extracted,0x0
2026-04-17 19:47:28,MemoryScan,DATA,Extracted,0x0
2026-04-17 19:47:28,MemoryScan,V1_BOUNDS_BYPASS,Extracted,0x0
2026-04-17 19:47:28,MemoryScan,DATA,Extracted,0x0
2026-04-17 19:47:28,MemoryScan,V1_BOUNDS_BYPASS,Extracted,0x0
2026-04-17 19:47:29,MemoryScan,DATA,Extracted,0x0
2026-04-17 19:47:29,MemoryScan,V1_BOUNDS_BYPASS,Extracted,0x0
2026-04-17 19:47:29,MemoryScan,DATA,Extracted,0x0
2026-04-17 19:47:29,MemoryScan,V1_BOUNDS_BYPASS,Extracted,0x0
2026-04-17 19:47:29,MemoryScan,DATA,Extracted,0x0
2026-04-17 19:47:29,MemoryScan,V1_BOUNDS_BYPASS,Extracted,0x0
2026-04-17 19:47:29,MemoryScan,DATA,Extracted,0x0
2026-04-17 19:47:29,MemoryScan,V1_BOUNDS_BYPASS,Extracted,0x0
2026-04-17 19:47:29,MemoryScan,DATA,Extracted,0x0
2026-04-17 19:47:29,MemoryScan,V1_BOUNDS_BYPASS,Extracted,0x0
2026-04-17 19:47:30,MemoryScan,DATA,Extracted,0x0
2026-04-17 19:47:30,MemoryScan,V1_BOUNDS_BYPASS,Extracted,0x0
2026-04-17 19:47:30,MemoryScan,DATA,Extracted,0x0
2026-04-17 19:47:30,MemoryScan,V1_BOUNDS_BYPASS,Extracted,0x0
2026-04-17 19:47:30,MemoryScan,DATA,Extracted,0x0
2026-04-17 19:47:30,MemoryScan,V1_BOUNDS_BYPASS,Extracted,0x0
2026-04-17 19:47:30,MemoryScan,DATA,Extracted,0x0
2026-04-17 19:47:30,MemoryScan,V1_BOUNDS_BYPASS,Extracted,0x0
2026-04-17 19:47:30,MemoryScan,DATA,Extracted,0x0
2026-04-17 19:47:30,MemoryScan,V1_BOUNDS_BYPASS,Extracted,0x0
2026-04-17 19:47:31,MemoryScan,DATA,Extracted,0x0
2026-04-17 19:47:31,MemoryScan,V1_BOUNDS_BYPASS,Extracted,0x0
2026-04-17 19:47:32,MemoryScan,DATA,Extracted,0x0
2026-04-17 19:47:32,MemoryScan,V1_BOUNDS_BYPASS,Extracted,0x0
2026-04-17 19:47:33,MemoryScan,DATA,Extracted,0x0
2026-04-17 19:47:33,MemoryScan,V1_BOUNDS_BYPASS,Extracted,0x0
2026-04-17 19:47:37,MemoryScan,DATA,Extracted,0x0
2026-04-17 19:47:37,MemoryScan,V1_BOUNDS_BYPASS,Extracted,0x0
2026-04-17 19:47:37,MemoryScan,DATA,Extracted,0x0
2026-04-17 19:47:37,MemoryScan,V1_BOUNDS_BYPASS,Extracted,0x0
2026-04-17 19:47:38,MemoryScan,DATA,Extracted,0x0
2026-04-17 19:47:38,MemoryScan,V1_BOUNDS_BYPASS,Extracted,0x0
2026-04-17 19:47:38,MemoryScan,DATA,Extracted,0x0
2026-04-17 19:47:38,MemoryScan,V1_BOUNDS_BYPASS,Extracted,0x0
2026-04-17 19:47:38,MemoryScan,DATA,Extracted,0x0
2026-04-17 19:47:38,MemoryScan,V1_BOUNDS_BYPASS,Extracted,0x0
2026-04-17 19:47:38,MemoryScan,DATA,Extracted,0x0
2026-04-17 19:47:38,MemoryScan,V1_BOUNDS_BYPASS,Extracted,0x0
2026-04-17 19:47:39,MemoryScan,DATA,Extracted,0x0
2026-04-17 19:47:39,MemoryScan,V1_BOUNDS_BYPASS,Extracted,0x0
2026-04-17 19:47:42,MemoryScan,DATA,Extracted,0x0
2026-04-17 19:47:42,MemoryScan,V1_BOUNDS_BYPASS,Extracted,0x0
2026-04-17 19:47:43,MemoryScan,DATA,Extracted,0x0
2026-04-17 19:47:43,MemoryScan,V1_BOUNDS_BYPASS,Extracted,0x0
2026-04-17 19:47:55,MemoryScan,DATA,Extracted,0x0
2026-04-17 19:47:55,MemoryScan,V1_BOUNDS_BYPASS,Extracted,0x0
2026-04-17 19:54:19,Variant1,DATA,Registry_Injected,N/A
2026-04-17 19:54:20,Variant1,DATA,Registry_Injected,N/A
2026-04-17 19:54:21,Variant2,V1_BOUNDS_BYPASS,Registry_Injected,N/A
2026-04-17 19:54:22,Variant1,DATA,Registry_Injected,N/A
2026-04-17 19:54:23,Variant1,DATA,Registry_Injected,N/A
2026-04-17 19:54:23,Variant1,DATA,Registry_Injected,N/A
2026-04-17 19:54:23,Variant1,DATA,Registry_Injected,N/A
2026-04-17 19:54:24,Variant2,V1_BOUNDS_BYPASS,Registry_Injected,N/A
2026-04-17 19:54:24,Variant2,V1_BOUNDS_BYPASS,Registry_Injected,N/A
2026-04-17 20:15:16,MemoryScan,DATA,Extracted,NOT_FOUND
2026-04-17 20:15:16,MemoryScan,V1_BOUNDS_BYPASS,Extracted,NOT_FOUND
2026-04-17 20:15:18,MemoryScan,DATA,Extracted,NOT_FOUND
2026-04-17 20:15:18,MemoryScan,V1_BOUNDS_BYPASS,Extracted,NOT_FOUND
2026-04-17 20:15:19,MemoryScan,DATA,Extracted,NOT_FOUND
2026-04-17 20:15:19,MemoryScan,V1_BOUNDS_BYPASS,Extracted,NOT_FOUND
2026-04-17 20:15:20,MemoryScan,DATA,Extracted,NOT_FOUND
2026-04-17 20:15:20,MemoryScan,V1_BOUNDS_BYPASS,Extracted,NOT_FOUND
2026-04-17 20:15:20,MemoryScan,DATA,Extracted,NOT_FOUND
2026-04-17 20:15:20,MemoryScan,V1_BOUNDS_BYPASS,Extracted,NOT_FOUND
2026-04-17 20:15:20,MemoryScan,DATA,Extracted,NOT_FOUND
2026-04-17 20:15:20,MemoryScan,V1_BOUNDS_BYPASS,Extracted,NOT_FOUND
2026-04-17 20:15:20,MemoryScan,DATA,Extracted,NOT_FOUND
2026-04-17 20:15:20,MemoryScan,V1_BOUNDS_BYPASS,Extracted,NOT_FOUND
2026-04-17 20:15:21,MemoryScan,DATA,Extracted,NOT_FOUND
2026-04-17 20:15:21,MemoryScan,V1_BOUNDS_BYPASS,Extracted,NOT_FOUND
2026-04-17 20:15:21,MemoryScan,DATA,Extracted,NOT_FOUND
2026-04-17 20:15:21,MemoryScan,V1_BOUNDS_BYPASS,Extracted,NOT_FOUND
2026-04-17 20:15:21,MemoryScan,DATA,Extracted,NOT_FOUND
2026-04-17 20:15:21,MemoryScan,V1_BOUNDS_BYPASS,Extracted,NOT_FOUND
2026-04-17 20:15:22,MemoryScan,DATA,Extracted,NOT_FOUND
2026-04-17 20:15:22,MemoryScan,V1_BOUNDS_BYPASS,Extracted,NOT_FOUND
2026-04-17 20:15:22,MemoryScan,DATA,Extracted,NOT_FOUND
2026-04-17 20:15:22,MemoryScan,V1_BOUNDS_BYPASS,Extracted,NOT_FOUND
2026-04-17 20:15:22,MemoryScan,DATA,Extracted,NOT_FOUND
2026-04-17 20:15:22,MemoryScan,V1_BOUNDS_BYPASS,Extracted,NOT_FOUND
2026-04-17 20:15:22,MemoryScan,DATA,Extracted,NOT_FOUND
2026-04-17 20:15:22,MemoryScan,V1_BOUNDS_BYPASS,Extracted,NOT_FOUND
2026-04-17 20:15:22,MemoryScan,DATA,Extracted,NOT_FOUND
2026-04-17 20:15:22,MemoryScan,V1_BOUNDS_BYPASS,Extracted,NOT_FOUND
2026-04-17 20:15:23,MemoryScan,DATA,Extracted,NOT_FOUND
2026-04-17 20:15:23,MemoryScan,V1_BOUNDS_BYPASS,Extracted,NOT_FOUND
2026-04-17 20:15:23,MemoryScan,DATA,Extracted,NOT_FOUND
2026-04-17 20:15:23,MemoryScan,V1_BOUNDS_BYPASS,Extracted,NOT_FOUND
2026-04-17 20:15:24,MemoryScan,DATA,Extracted,NOT_FOUND
2026-04-17 20:15:24,MemoryScan,V1_BOUNDS_BYPASS,Extracted,NOT_FOUND
2026-04-17 20:15:24,MemoryScan,DATA,Extracted,NOT_FOUND
2026-04-17 20:15:24,MemoryScan,V1_BOUNDS_BYPASS,Extracted,NOT_FOUND
2026-04-17 20:15:24,MemoryScan,DATA,Extracted,NOT_FOUND
2026-04-17 20:15:24,MemoryScan,V1_BOUNDS_BYPASS,Extracted,NOT_FOUND
2026-04-17 20:15:25,MemoryScan,DATA,Extracted,NOT_FOUND
2026-04-17 20:15:25,MemoryScan,V1_BOUNDS_BYPASS,Extracted,NOT_FOUND
2026-04-17 20:15:25,MemoryScan,DATA,Extracted,NOT_FOUND
2026-04-17 20:15:25,MemoryScan,V1_BOUNDS_BYPASS,Extracted,NOT_FOUND
2026-04-17 20:15:25,MemoryScan,DATA,Extracted,NOT_FOUND
2026-04-17 20:15:25,MemoryScan,V1_BOUNDS_BYPASS,Extracted,NOT_FOUND
2026-04-17 20:15:25,MemoryScan,DATA,Extracted,NOT_FOUND
2026-04-17 20:15:25,MemoryScan,V1_BOUNDS_BYPASS,Extracted,NOT_FOUND
2026-04-17 20:15:25,MemoryScan,DATA,Extracted,NOT_FOUND
2026-04-17 20:15:25,MemoryScan,V1_BOUNDS_BYPASS,Extracted,NOT_FOUND
2026-04-17 20:15:26,MemoryScan,DATA,Extracted,NOT_FOUND
2026-04-17 20:15:26,MemoryScan,V1_BOUNDS_BYPASS,Extracted,NOT_FOUND
2026-04-17 20:15:26,MemoryScan,DATA,Extracted,NOT_FOUND
2026-04-17 20:15:26,MemoryScan,V1_BOUNDS_BYPASS,Extracted,NOT_FOUND
2026-04-17 20:15:26,MemoryScan,DATA,Extracted,NOT_FOUND
2026-04-17 20:15:26,MemoryScan,V1_BOUNDS_BYPASS,Extracted,NOT_FOUND
2026-04-17 20:15:26,MemoryScan,DATA,Extracted,NOT_FOUND
2026-04-17 20:15:26,MemoryScan,V1_BOUNDS_BYPASS,Extracted,NOT_FOUND
2026-04-17 20:15:26,MemoryScan,DATA,Extracted,NOT_FOUND
2026-04-17 20:15:26,MemoryScan,V1_BOUNDS_BYPASS,Extracted,NOT_FOUND
2026-04-17 20:15:27,MemoryScan,DATA,Extracted,NOT_FOUND
2026-04-17 20:15:27,MemoryScan,V1_BOUNDS_BYPASS,Extracted,NOT_FOUND
2026-04-17 20:15:27,MemoryScan,DATA,Extracted,NOT_FOUND
2026-04-17 20:15:27,MemoryScan,V1_BOUNDS_BYPASS,Extracted,NOT_FOUND
2026-04-17 20:15:27,MemoryScan,DATA,Extracted,NOT_FOUND
2026-04-17 20:15:27,MemoryScan,V1_BOUNDS_BYPASS,Extracted,NOT_FOUND
2026-04-17 20:15:27,MemoryScan,DATA,Extracted,NOT_FOUND
2026-04-17 20:15:27,MemoryScan,V1_BOUNDS_BYPASS,Extracted,NOT_FOUND
2026-04-17 20:15:28,MemoryScan,DATA,Extracted,NOT_FOUND
2026-04-17 20:15:28,MemoryScan,V1_BOUNDS_BYPASS,Extracted,NOT_FOUND
2026-04-17 20:15:29,MemoryScan,DATA,Extracted,NOT_FOUND
2026-04-17 20:15:29,MemoryScan,V1_BOUNDS_BYPASS,Extracted,NOT_FOUND
2026-04-17 20:15:29,MemoryScan,DATA,Extracted,NOT_FOUND
2026-04-17 20:15:29,MemoryScan,V1_BOUNDS_BYPASS,Extracted,NOT_FOUND
2026-04-17 20:15:30,MemoryScan,DATA,Extracted,NOT_FOUND
2026-04-17 20:15:30,MemoryScan,V1_BOUNDS_BYPASS,Extracted,NOT_FOUND
2026-04-17 20:15:30,MemoryScan,DATA,Extracted,NOT_FOUND
2026-04-17 20:15:30,MemoryScan,V1_BOUNDS_BYPASS,Extracted,NOT_FOUND
2026-04-17 20:15:30,MemoryScan,DATA,Extracted,NOT_FOUND
2026-04-17 20:15:30,MemoryScan,V1_BOUNDS_BYPASS,Extracted,NOT_FOUND
2026-04-17 20:15:30,MemoryScan,DATA,Extracted,NOT_FOUND
2026-04-17 20:15:30,MemoryScan,V1_BOUNDS_BYPASS,Extracted,NOT_FOUND
2026-04-17 20:15:50,MemoryScan,DATA,Extracted,NOT_FOUND
2026-04-17 20:15:50,MemoryScan,V1_BOUNDS_BYPASS,Extracted,NOT_FOUND
2026-04-17 20:15:51,MemoryScan,DATA,Extracted,NOT_FOUND
2026-04-17 20:15:51,MemoryScan,V1_BOUNDS_BYPASS,Extracted,NOT_FOUND
2026-04-17 20:15:51,MemoryScan,DATA,Extracted,NOT_FOUND
2026-04-17 20:15:51,MemoryScan,V1_BOUNDS_BYPASS,Extracted,NOT_FOUND
2026-04-17 20:15:51,MemoryScan,DATA,Extracted,NOT_FOUND
2026-04-17 20:15:51,MemoryScan,V1_BOUNDS_BYPASS,Extracted,NOT_FOUND
2026-04-17 20:15:52,MemoryScan,DATA,Extracted,NOT_FOUND
2026-04-17 20:15:52,MemoryScan,V1_BOUNDS_BYPASS,Extracted,NOT_FOUND
2026-04-17 20:15:52,MemoryScan,DATA,Extracted,NOT_FOUND
2026-04-17 20:15:52,MemoryScan,V1_BOUNDS_BYPASS,Extracted,NOT_FOUND
2026-04-17 20:15:52,MemoryScan,DATA,Extracted,NOT_FOUND
2026-04-17 20:15:52,MemoryScan,V1_BOUNDS_BYPASS,Extracted,NOT_FOUND
2026-04-17 20:15:52,MemoryScan,DATA,Extracted,NOT_FOUND
2026-04-17 20:15:52,MemoryScan,V1_BOUNDS_BYPASS,Extracted,NOT_FOUND
2026-04-17 20:15:52,MemoryScan,DATA,Extracted,NOT_FOUND
2026-04-17 20:15:52,MemoryScan,V1_BOUNDS_BYPASS,Extracted,NOT_FOUND
2026-04-17 20:15:52,MemoryScan,DATA,Extracted,NOT_FOUND
2026-04-17 20:15:52,MemoryScan,V1_BOUNDS_BYPASS,Extracted,NOT_FOUND
2026-04-17 20:15:53,MemoryScan,DATA,Extracted,NOT_FOUND
2026-04-17 20:15:53,MemoryScan,V1_BOUNDS_BYPASS,Extracted,NOT_FOUND
2026-04-17 20:15:53,MemoryScan,DATA,Extracted,NOT_FOUND
2026-04-17 20:15:53,MemoryScan,V1_BOUNDS_BYPASS,Extracted,NOT_FOUND
2026-04-17 20:15:53,MemoryScan,DATA,Extracted,NOT_FOUND
2026-04-17 20:15:53,MemoryScan,V1_BOUNDS_BYPASS,Extracted,NOT_FOUND
2026-04-17 20:15:53,MemoryScan,DATA,Extracted,NOT_FOUND
2026-04-17 20:15:53,MemoryScan,V1_BOUNDS_BYPASS,Extracted,NOT_FOUND
2026-04-17 20:15:53,MemoryScan,DATA,Extracted,NOT_FOUND
2026-04-17 20:15:53,MemoryScan,V1_BOUNDS_BYPASS,Extracted,NOT_FOUND
2026-04-17 20:15:54,MemoryScan,DATA,Extracted,NOT_FOUND
2026-04-17 20:15:54,MemoryScan,V1_BOUNDS_BYPASS,Extracted,NOT_FOUND
2026-04-17 20:15:54,MemoryScan,DATA,Extracted,NOT_FOUND
2026-04-17 20:15:54,MemoryScan,V1_BOUNDS_BYPASS,Extracted,NOT_FOUND
2026-04-17 20:15:54,MemoryScan,DATA,Extracted,NOT_FOUND
2026-04-17 20:15:54,MemoryScan,V1_BOUNDS_BYPASS,Extracted,NOT_FOUND
2026-04-17 20:15:54,MemoryScan,DATA,Extracted,NOT_FOUND
2026-04-17 20:15:54,MemoryScan,V1_BOUNDS_BYPASS,Extracted,NOT_FOUND
2026-04-17 20:15:55,MemoryScan,DATA,Extracted,NOT_FOUND
2026-04-17 20:15:55,MemoryScan,V1_BOUNDS_BYPASS,Extracted,NOT_FOUND
2026-04-17 20:15:56,MemoryScan,DATA,Extracted,NOT_FOUND
2026-04-17 20:15:56,MemoryScan,V1_BOUNDS_BYPASS,Extracted,NOT_FOUND
2026-04-17 20:15:56,MemoryScan,DATA,Extracted,NOT_FOUND
2026-04-17 20:15:56,MemoryScan,V1_BOUNDS_BYPASS,Extracted,NOT_FOUND
2026-04-17 20:15:56,MemoryScan,DATA,Extracted,NOT_FOUND
2026-04-17 20:15:56,MemoryScan,V1_BOUNDS_BYPASS,Extracted,NOT_FOUND
2026-04-17 20:15:56,MemoryScan,DATA,Extracted,NOT_FOUND
2026-04-17 20:15:56,MemoryScan,V1_BOUNDS_BYPASS,Extracted,NOT_FOUND
2026-04-17 20:15:57,MemoryScan,DATA,Extracted,NOT_FOUND
2026-04-17 20:15:57,MemoryScan,V1_BOUNDS_BYPASS,Extracted,NOT_FOUND
2026-04-17 20:15:57,MemoryScan,DATA,Extracted,NOT_FOUND
2026-04-17 20:15:57,MemoryScan,V1_BOUNDS_BYPASS,Extracted,NOT_FOUND
2026-04-17 20:15:57,MemoryScan,DATA,Extracted,NOT_FOUND
2026-04-17 20:15:57,MemoryScan,V1_BOUNDS_BYPASS,Extracted,NOT_FOUND
2026-04-17 20:15:57,MemoryScan,DATA,Extracted,NOT_FOUND
2026-04-17 20:15:57,MemoryScan,V1_BOUNDS_BYPASS,Extracted,NOT_FOUND
2026-04-17 20:15:57,MemoryScan,DATA,Extracted,NOT_FOUND
2026-04-17 20:15:57,MemoryScan,V1_BOUNDS_BYPASS,Extracted,NOT_FOUND
2026-04-17 20:15:57,MemoryScan,DATA,Extracted,NOT_FOUND
2026-04-17 20:15:58,MemoryScan,V1_BOUNDS_BYPASS,Extracted,NOT_FOUND
2026-04-17 20:15:58,MemoryScan,DATA,Extracted,NOT_FOUND
2026-04-17 20:15:58,MemoryScan,V1_BOUNDS_BYPASS,Extracted,NOT_FOUND
2026-04-17 20:15:58,MemoryScan,DATA,Extracted,NOT_FOUND
2026-04-17 20:15:58,MemoryScan,V1_BOUNDS_BYPASS,Extracted,NOT_FOUND
2026-04-17 20:15:58,MemoryScan,DATA,Extracted,NOT_FOUND
2026-04-17 20:15:58,MemoryScan,V1_BOUNDS_BYPASS,Extracted,NOT_FOUND
2026-04-17 20:15:58,MemoryScan,DATA,Extracted,NOT_FOUND
2026-04-17 20:15:58,MemoryScan,V1_BOUNDS_BYPASS,Extracted,NOT_FOUND
2026-04-17 20:15:58,MemoryScan,DATA,Extracted,NOT_FOUND
2026-04-17 20:15:58,MemoryScan,V1_BOUNDS_BYPASS,Extracted,NOT_FOUND
2026-04-17 20:15:59,MemoryScan,DATA,Extracted,NOT_FOUND
2026-04-17 20:15:59,MemoryScan,V1_BOUNDS_BYPASS,Extracted,NOT_FOUND
2026-04-17 20:15:59,MemoryScan,DATA,Extracted,NOT_FOUND
2026-04-17 20:15:59,MemoryScan,V1_BOUNDS_BYPASS,Extracted,NOT_FOUND
2026-04-17 20:15:59,MemoryScan,DATA,Extracted,NOT_FOUND
2026-04-17 20:15:59,MemoryScan,V1_BOUNDS_BYPASS,Extracted,NOT_FOUND
2026-04-17 20:15:59,MemoryScan,DATA,Extracted,NOT_FOUND
2026-04-17 20:15:59,MemoryScan,V1_BOUNDS_BYPASS,Extracted,NOT_FOUND
2026-04-17 20:16:00,Variant1,DATA,Registry_Injected,N/A
2026-04-17 20:16:01,Variant1,DATA,Registry_Injected,N/A
2026-04-17 20:16:01,Variant1,DATA,Registry_Injected,N/A
2026-04-17 20:16:02,Variant1,DATA,Registry_Injected,N/A
2026-04-17 20:16:03,Variant2,V1_BOUNDS_BYPASS,Registry_Injected,N/A
2026-04-17 20:16:06,MemoryScan,DATA,Extracted,NOT_FOUND
2026-04-17 20:16:06,MemoryScan,V1_BOUNDS_BYPASS,Extracted,NOT_FOUND
2026-04-17 20:16:29,MemoryScan,DATA,Extracted,NOT_FOUND
2026-04-17 20:16:29,MemoryScan,V1_BOUNDS_BYPASS,Extracted,NOT_FOUND
2026-04-17 20:16:30,MemoryScan,DATA,Extracted,NOT_FOUND
2026-04-17 20:16:30,MemoryScan,V1_BOUNDS_BYPASS,Extracted,NOT_FOUND
2026-04-17 20:16:31,MemoryScan,DATA,Extracted,NOT_FOUND
2026-04-17 20:16:31,MemoryScan,V1_BOUNDS_BYPASS,Extracted,NOT_FOUND
2026-04-17 20:16:31,MemoryScan,DATA,Extracted,NOT_FOUND
2026-04-17 20:16:31,MemoryScan,V1_BOUNDS_BYPASS,Extracted,NOT_FOUND
2026-04-17 20:16:42,MemoryScan,DATA,Extracted,NOT_FOUND
2026-04-17 20:16:42,MemoryScan,V1_BOUNDS_BYPASS,Extracted,NOT_FOUND
2026-04-17 20:16:43,MemoryScan,DATA,Extracted,NOT_FOUND
2026-04-17 20:16:43,MemoryScan,V1_BOUNDS_BYPASS,Extracted,NOT_FOUND
2026-04-17 20:16:43,MemoryScan,DATA,Extracted,NOT_FOUND
2026-04-17 20:16:43,MemoryScan,V1_BOUNDS_BYPASS,Extracted,NOT_FOUND
2026-04-17 20:16:43,MemoryScan,DATA,Extracted,NOT_FOUND
2026-04-17 20:16:43,MemoryScan,V1_BOUNDS_BYPASS,Extracted,NOT_FOUND
2026-04-17 20:16:43,MemoryScan,DATA,Extracted,NOT_FOUND
2026-04-17 20:16:43,MemoryScan,V1_BOUNDS_BYPASS,Extracted,NOT_FOUND
2026-04-17 20:26:32,MemoryScan,DATA,Extracted,NOT_FOUND
2026-04-17 20:26:33,MemoryScan,V1_BOUNDS_BYPASS,Extracted,NOT_FOUND
2026-04-17 20:29:52,MemoryScan,DATA,Extracted,NOT_FOUND
2026-04-17 20:29:52,MemoryScan,V1_BOUNDS_BYPASS,Extracted,NOT_FOUND
2026-04-17 20:29:53,MemoryScan,DATA,Extracted,NOT_FOUND
2026-04-17 20:29:53,MemoryScan,V1_BOUNDS_BYPASS,Extracted,NOT_FOUND
2026-04-17 20:29:54,MemoryScan,DATA,Extracted,NOT_FOUND
2026-04-17 20:29:54,MemoryScan,V1_BOUNDS_BYPASS,Extracted,NOT_FOUND
2026-04-17 20:29:54,MemoryScan,DATA,Extracted,NOT_FOUND
2026-04-17 20:29:54,MemoryScan,V1_BOUNDS_BYPASS,Extracted,NOT_FOUND
2026-04-17 20:29:55,MemoryScan,DATA,Extracted,NOT_FOUND
2026-04-17 20:29:55,MemoryScan,V1_BOUNDS_BYPASS,Extracted,NOT_FOUND
2026-04-17 20:29:55,MemoryScan,DATA,Extracted,NOT_FOUND
2026-04-17 20:29:55,MemoryScan,V1_BOUNDS_BYPASS,Extracted,NOT_FOUND
2026-04-17 20:29:55,MemoryScan,DATA,Extracted,NOT_FOUND
2026-04-17 20:29:55,MemoryScan,V1_BOUNDS_BYPASS,Extracted,NOT_FOUND
2026-04-17 20:29:55,MemoryScan,DATA,Extracted,NOT_FOUND
2026-04-17 20:29:55,MemoryScan,V1_BOUNDS_BYPASS,Extracted,NOT_FOUND
2026-04-17 20:29:55,MemoryScan,DATA,Extracted,NOT_FOUND
2026-04-17 20:29:55,MemoryScan,V1_BOUNDS_BYPASS,Extracted,NOT_FOUND
2026-04-17 20:29:56,MemoryScan,DATA,Extracted,NOT_FOUND
2026-04-17 20:29:56,MemoryScan,V1_BOUNDS_BYPASS,Extracted,NOT_FOUND
2026-04-17 20:29:56,MemoryScan,DATA,Extracted,NOT_FOUND
2026-04-17 20:29:56,MemoryScan,V1_BOUNDS_BYPASS,Extracted,NOT_FOUND
2026-04-17 20:29:56,MemoryScan,DATA,Extracted,NOT_FOUND
2026-04-17 20:29:56,MemoryScan,V1_BOUNDS_BYPASS,Extracted,NOT_FOUND
2026-04-17 20:29:56,MemoryScan,DATA,Extracted,NOT_FOUND
2026-04-17 20:29:56,MemoryScan,V1_BOUNDS_BYPASS,Extracted,NOT_FOUND
2026-04-17 20:29:57,MemoryScan,DATA,Extracted,NOT_FOUND
2026-04-17 20:29:57,MemoryScan,V1_BOUNDS_BYPASS,Extracted,NOT_FOUND
2026-04-17 20:29:57,MemoryScan,DATA,Extracted,NOT_FOUND
2026-04-17 20:29:57,MemoryScan,V1_BOUNDS_BYPASS,Extracted,NOT_FOUND
2026-04-17 20:29:57,MemoryScan,DATA,Extracted,NOT_FOUND
2026-04-17 20:29:57,MemoryScan,V1_BOUNDS_BYPASS,Extracted,NOT_FOUND
2026-04-17 20:29:57,MemoryScan,DATA,Extracted,NOT_FOUND
2026-04-17 20:29:57,MemoryScan,V1_BOUNDS_BYPASS,Extracted,NOT_FOUND
2026-04-17 20:29:58,MemoryScan,DATA,Extracted,NOT_FOUND
2026-04-17 20:29:58,MemoryScan,V1_BOUNDS_BYPASS,Extracted,NOT_FOUND
2026-04-17 20:29:58,MemoryScan,DATA,Extracted,NOT_FOUND
2026-04-17 20:29:58,MemoryScan,V1_BOUNDS_BYPASS,Extracted,NOT_FOUND
2026-04-17 20:29:58,MemoryScan,DATA,Extracted,NOT_FOUND
2026-04-17 20:29:58,MemoryScan,V1_BOUNDS_BYPASS,Extracted,NOT_FOUND
2026-04-17 20:30:01,MemoryScan,DATA,Extracted,NOT_FOUND
2026-04-17 20:30:01,MemoryScan,V1_BOUNDS_BYPASS,Extracted,NOT_FOUND
2026-04-17 20:30:01,MemoryScan,DATA,Extracted,NOT_FOUND
2026-04-17 20:30:01,MemoryScan,V1_BOUNDS_BYPASS,Extracted,NOT_FOUND
2026-04-17 20:30:01,MemoryScan,DATA,Extracted,NOT_FOUND
2026-04-17 20:30:01,MemoryScan,V1_BOUNDS_BYPASS,Extracted,NOT_FOUND
2026-04-17 20:30:01,MemoryScan,DATA,Extracted,NOT_FOUND
2026-04-17 20:30:01,MemoryScan,V1_BOUNDS_BYPASS,Extracted,NOT_FOUND
2026-04-17 20:30:02,MemoryScan,DATA,Extracted,NOT_FOUND
2026-04-17 20:30:02,MemoryScan,V1_BOUNDS_BYPASS,Extracted,NOT_FOUND
2026-04-17 20:30:02,MemoryScan,DATA,Extracted,NOT_FOUND
2026-04-17 20:30:02,MemoryScan,V1_BOUNDS_BYPASS,Extracted,NOT_FOUND
2026-04-17 20:30:02,MemoryScan,DATA,Extracted,NOT_FOUND
2026-04-17 20:30:02,MemoryScan,V1_BOUNDS_BYPASS,Extracted,NOT_FOUND
2026-04-17 20:30:02,MemoryScan,DATA,Extracted,NOT_FOUND
2026-04-17 20:30:02,MemoryScan,V1_BOUNDS_BYPASS,Extracted,NOT_FOUND
2026-04-17 20:30:02,MemoryScan,DATA,Extracted,NOT_FOUND
2026-04-17 20:30:02,MemoryScan,V1_BOUNDS_BYPASS,Extracted,NOT_FOUND
2026-04-17 20:30:02,MemoryScan,DATA,Extracted,NOT_FOUND
2026-04-17 20:30:02,MemoryScan,V1_BOUNDS_BYPASS,Extracted,NOT_FOUND
2026-04-17 20:30:03,MemoryScan,DATA,Extracted,NOT_FOUND
2026-04-17 20:30:03,MemoryScan,V1_BOUNDS_BYPASS,Extracted,NOT_FOUND
2026-04-17 20:30:03,MemoryScan,DATA,Extracted,NOT_FOUND
2026-04-17 20:30:03,MemoryScan,V1_BOUNDS_BYPASS,Extracted,NOT_FOUND
2026-04-17 20:30:03,MemoryScan,DATA,Extracted,NOT_FOUND
2026-04-17 20:30:03,MemoryScan,V1_BOUNDS_BYPASS,Extracted,NOT_FOUND
2026-04-17 20:30:03,MemoryScan,DATA,Extracted,NOT_FOUND
2026-04-17 20:30:03,MemoryScan,V1_BOUNDS_BYPASS,Extracted,NOT_FOUND
2026-04-17 20:30:03,MemoryScan,DATA,Extracted,NOT_FOUND
2026-04-17 20:30:03,MemoryScan,V1_BOUNDS_BYPASS,Extracted,NOT_FOUND
2026-04-17 20:30:03,MemoryScan,DATA,Extracted,NOT_FOUND
2026-04-17 20:30:03,MemoryScan,V1_BOUNDS_BYPASS,Extracted,NOT_FOUND
2026-04-17 20:30:04,MemoryScan,DATA,Extracted,NOT_FOUND
2026-04-17 20:30:04,MemoryScan,V1_BOUNDS_BYPASS,Extracted,NOT_FOUND
2026-04-17 20:30:04,MemoryScan,DATA,Extracted,NOT_FOUND
2026-04-17 20:30:04,MemoryScan,V1_BOUNDS_BYPASS,Extracted,NOT_FOUND
2026-04-17 20:30:04,MemoryScan,DATA,Extracted,NOT_FOUND
2026-04-17 20:30:04,MemoryScan,V1_BOUNDS_BYPASS,Extracted,NOT_FOUND
2026-04-17 20:30:04,MemoryScan,DATA,Extracted,NOT_FOUND
2026-04-17 20:30:04,MemoryScan,V1_BOUNDS_BYPASS,Extracted,NOT_FOUND
2026-04-17 20:30:04,MemoryScan,DATA,Extracted,NOT_FOUND
2026-04-17 20:30:04,MemoryScan,V1_BOUNDS_BYPASS,Extracted,NOT_FOUND
2026-04-17 20:30:04,MemoryScan,DATA,Extracted,NOT_FOUND
2026-04-17 20:30:04,MemoryScan,V1_BOUNDS_BYPASS,Extracted,NOT_FOUND
2026-04-17 20:30:05,MemoryScan,DATA,Extracted,NOT_FOUND
2026-04-17 20:30:05,MemoryScan,V1_BOUNDS_BYPASS,Extracted,NOT_FOUND
2026-04-17 20:30:05,MemoryScan,DATA,Extracted,NOT_FOUND
2026-04-17 20:30:05,MemoryScan,V1_BOUNDS_BYPASS,Extracted,NOT_FOUND
2026-04-17 20:30:05,MemoryScan,DATA,Extracted,NOT_FOUND
2026-04-17 20:30:05,MemoryScan,V1_BOUNDS_BYPASS,Extracted,NOT_FOUND
2026-04-17 20:30:05,MemoryScan,DATA,Extracted,NOT_FOUND
2026-04-17 20:30:05,MemoryScan,V1_BOUNDS_BYPASS,Extracted,NOT_FOUND
2026-04-17 20:30:05,MemoryScan,DATA,Extracted,NOT_FOUND
2026-04-17 20:30:05,MemoryScan,V1_BOUNDS_BYPASS,Extracted,NOT_FOUND
2026-04-17 20:30:05,MemoryScan,DATA,Extracted,NOT_FOUND
2026-04-17 20:30:05,MemoryScan,V1_BOUNDS_BYPASS,Extracted,NOT_FOUND
2026-04-17 20:30:06,MemoryScan,DATA,Extracted,NOT_FOUND
2026-04-17 20:30:06,MemoryScan,V1_BOUNDS_BYPASS,Extracted,NOT_FOUND
2026-04-17 20:30:06,MemoryScan,DATA,Extracted,NOT_FOUND
2026-04-17 20:30:06,MemoryScan,V1_BOUNDS_BYPASS,Extracted,NOT_FOUND
2026-04-17 20:30:07,MemoryScan,DATA,Extracted,NOT_FOUND
2026-04-17 20:30:07,MemoryScan,V1_BOUNDS_BYPASS,Extracted,NOT_FOUND
2026-04-17 20:30:07,MemoryScan,DATA,Extracted,NOT_FOUND
2026-04-17 20:30:07,MemoryScan,V1_BOUNDS_BYPASS,Extracted,NOT_FOUND
2026-04-17 20:30:07,MemoryScan,DATA,Extracted,NOT_FOUND
2026-04-17 20:30:07,MemoryScan,V1_BOUNDS_BYPASS,Extracted,NOT_FOUND
2026-04-17 20:49:09,MemoryScan,DATA,Extracted,NOT_FOUND
2026-04-17 20:49:09,MemoryScan,V1_BOUNDS_BYPASS,Extracted,NOT_FOUND
2026-04-17 20:49:11,MemoryScan,DATA,Extracted,NOT_FOUND
2026-04-17 20:49:11,MemoryScan,V1_BOUNDS_BYPASS,Extracted,NOT_FOUND
2026-04-17 20:49:11,MemoryScan,DATA,Extracted,NOT_FOUND
2026-04-17 20:49:11,MemoryScan,V1_BOUNDS_BYPASS,Extracted,NOT_FOUND
2026-04-17 20:49:12,MemoryScan,DATA,Extracted,NOT_FOUND
2026-04-17 20:49:12,MemoryScan,V1_BOUNDS_BYPASS,Extracted,NOT_FOUND
2026-04-17 20:49:12,MemoryScan,DATA,Extracted,NOT_FOUND
2026-04-17 20:49:12,MemoryScan,V1_BOUNDS_BYPASS,Extracted,NOT_FOUND
2026-04-17 20:49:12,MemoryScan,DATA,Extracted,NOT_FOUND
2026-04-17 20:49:12,MemoryScan,V1_BOUNDS_BYPASS,Extracted,NOT_FOUND
2026-04-17 20:49:12,MemoryScan,DATA,Extracted,NOT_FOUND
2026-04-17 20:49:12,MemoryScan,V1_BOUNDS_BYPASS,Extracted,NOT_FOUND
2026-04-17 20:49:12,MemoryScan,DATA,Extracted,NOT_FOUND
2026-04-17 20:49:12,MemoryScan,V1_BOUNDS_BYPASS,Extracted,NOT_FOUND
2026-04-17 20:49:13,MemoryScan,DATA,Extracted,NOT_FOUND
2026-04-17 20:49:13,MemoryScan,V1_BOUNDS_BYPASS,Extracted,NOT_FOUND
2026-04-17 20:49:13,MemoryScan,DATA,Extracted,NOT_FOUND
2026-04-17 20:49:13,MemoryScan,V1_BOUNDS_BYPASS,Extracted,NOT_FOUND
2026-04-17 20:49:13,MemoryScan,DATA,Extracted,NOT_FOUND
2026-04-17 20:49:13,MemoryScan,V1_BOUNDS_BYPASS,Extracted,NOT_FOUND
2026-04-17 20:49:13,MemoryScan,DATA,Extracted,NOT_FOUND
2026-04-17 20:49:13,MemoryScan,V1_BOUNDS_BYPASS,Extracted,NOT_FOUND
2026-04-17 20:49:13,MemoryScan,DATA,Extracted,NOT_FOUND
2026-04-17 20:49:13,MemoryScan,V1_BOUNDS_BYPASS,Extracted,NOT_FOUND
2026-04-17 20:49:13,MemoryScan,DATA,Extracted,NOT_FOUND
2026-04-17 20:49:13,MemoryScan,V1_BOUNDS_BYPASS,Extracted,NOT_FOUND
2026-04-17 20:49:14,MemoryScan,DATA,Extracted,NOT_FOUND
2026-04-17 20:49:14,MemoryScan,V1_BOUNDS_BYPASS,Extracted,NOT_FOUND
2026-04-17 20:49:14,MemoryScan,DATA,Extracted,NOT_FOUND
2026-04-17 20:49:14,MemoryScan,V1_BOUNDS_BYPASS,Extracted,NOT_FOUND
2026-04-17 20:49:14,MemoryScan,DATA,Extracted,NOT_FOUND
2026-04-17 20:49:14,MemoryScan,V1_BOUNDS_BYPASS,Extracted,NOT_FOUND
2026-04-17 20:49:14,MemoryScan,DATA,Extracted,NOT_FOUND
2026-04-17 20:49:14,MemoryScan,V1_BOUNDS_BYPASS,Extracted,NOT_FOUND
2026-04-17 20:49:14,MemoryScan,DATA,Extracted,NOT_FOUND
2026-04-17 20:49:14,MemoryScan,V1_BOUNDS_BYPASS,Extracted,NOT_FOUND
2026-04-17 20:49:14,MemoryScan,DATA,Extracted,NOT_FOUND
2026-04-17 20:49:14,MemoryScan,V1_BOUNDS_BYPASS,Extracted,NOT_FOUND
2026-04-17 20:49:15,MemoryScan,DATA,Extracted,NOT_FOUND
2026-04-17 20:49:15,MemoryScan,V1_BOUNDS_BYPASS,Extracted,NOT_FOUND
2026-04-17 20:49:15,MemoryScan,DATA,Extracted,NOT_FOUND
2026-04-17 20:49:15,MemoryScan,V1_BOUNDS_BYPASS,Extracted,NOT_FOUND
2026-04-17 20:49:15,MemoryScan,DATA,Extracted,NOT_FOUND
2026-04-17 20:49:15,MemoryScan,V1_BOUNDS_BYPASS,Extracted,NOT_FOUND
2026-04-17 20:49:15,MemoryScan,DATA,Extracted,NOT_FOUND
2026-04-17 20:49:15,MemoryScan,V1_BOUNDS_BYPASS,Extracted,NOT_FOUND
2026-04-17 20:49:15,MemoryScan,DATA,Extracted,NOT_FOUND
2026-04-17 20:49:15,MemoryScan,V1_BOUNDS_BYPASS,Extracted,NOT_FOUND
2026-04-17 20:49:15,MemoryScan,DATA,Extracted,NOT_FOUND
2026-04-17 20:49:15,MemoryScan,V1_BOUNDS_BYPASS,Extracted,NOT_FOUND
2026-04-17 20:49:16,MemoryScan,DATA,Extracted,NOT_FOUND
2026-04-17 20:49:16,MemoryScan,V1_BOUNDS_BYPASS,Extracted,NOT_FOUND
2026-04-17 20:49:16,MemoryScan,DATA,Extracted,NOT_FOUND
2026-04-17 20:49:16,MemoryScan,V1_BOUNDS_BYPASS,Extracted,NOT_FOUND
2026-04-18 21:41:36,Variant1,DATA,Registry_Injected,N/A
2026-04-18 21:41:37,Variant1,DATA,Registry_Injected,N/A
2026-04-18 21:41:39,Variant2,V1_BOUNDS_BYPASS,Registry_Injected,N/A
2026-04-18 21:41:40,Variant1,DATA,Registry_Injected,N/A
2026-04-18 21:41:43,Variant1,DATA,Registry_Injected,N/A
2026-04-18 21:47:31,Variant1,DATA,Registry_Injected,N/A
2026-04-18 21:47:43,Variant2,V1_BOUNDS_BYPASS,Registry_Injected,N/A
